label_id	cell_ids	is_traced	most_probable_assignment	clade10sub3subsub5-9	clade10sub9	clade11sub11subsub0-4	clade11sub11subsub1	clade11sub11subsub2-3	clade11sub13subsub4	clade11sub13subsub5	clade11sub17subsub6	clade11sub18subsub7	clade11sub20subsub0-1-2-4-6	clade11sub20subsub3	clade11sub21	clade11sub23	clade11sub25subsub2	clade11sub25subsub3	clade11sub25subsub7	clade11sub28subsub2	clade11sub34	clade11sub35	clade11sub42	clade11sub6subsub6	clade11sub6subsub7	clade11sub6subsub8	clade11sub6subsub9	clade11sub7subsub1-4	clade11sub7subsub6	clade11sub8subsub0	clade11sub8subsub1-4	clade11sub8subsub8	clade11sub9subsub4
332	25106	no	clade11sub6subsub6	2.693524097339269e-05	0.0077033071081864	0.002228282712723	3.831024214675779e-05	0.0045382139803648	0.3160049765370203	0.0001680083549101	0.0014228232465317	6.5005300689727e-08	2.1867696358469512e-06	2.047533595580311e-06	5.545837638350429e-05	8.320187310609811e-07	5.8474728784649154e-08	1.289186567443143e-06	0.1169691728160205	3.470994017504134e-06	1.7707327509713578e-05	7.69145153827945e-06	3.924886976858834e-05	0.5416568738973984	0.0002496433298458	1.426536763029053e-06	2.069288637397549e-07	0.0001663968647073	0.0001654046903516	2.4069543719301976e-05	1.0145088419271744e-05	5.136176482419234e-06	2.275866580984279e-07
4495	8353	no	clade11sub20subsub0-1-2-4-6	4.2842253971807053e-13	4.992317207450214e-10	0.1349633826100301	0.003057448027039	2.23111847817922e-06	0.0007405985751544	6.7081433684924615e-12	1.2065715696814024e-11	4.1738769603772235e-09	0.8427868591464215	0.0002190764173866	0.0001454990662852	2.073877829246525e-08	1.5381615587070034e-10	2.089465160730331e-07	1.0168846152150654e-09	1.1273309914400203e-09	5.968700926217179e-05	0.0008038059361219	0.000174211780149	3.360294263540176e-05	1.8808458528906689e-06	3.219039520472169e-06	1.030054728627944e-12	2.3390709752350833e-09	1.247248874777489e-06	5.021895300043014e-05	0.0169543543382851	8.522758073909463e-09	6.693159051889763e-07
4496	7984	no	clade11sub20subsub0-1-2-4-6	1.0274275047612137e-10	4.4993369703794906e-07	0.0303735262563446	0.001549656618789	4.841218077964435e-07	0.0001560755422957	3.079962053743401e-11	1.6887652164915845e-14	1.577101691375767e-09	0.7280674713464732	0.001857198818299	0.0001084258154413	1.1994974504443856e-05	3.4077166829832424e-11	7.840973163847667e-10	3.3070330057329006e-10	1.6811171264990697e-11	6.422053718122045e-07	1.0567271823022028e-05	3.497601642707784e-05	7.414595899303852e-06	2.9083367902325118e-11	4.1240008305477926e-08	4.8606373570692505e-15	1.551539986802463e-09	3.9308412217184e-05	3.980018620866724e-05	0.2377413743026278	8.701459067314806e-09	3.951651509695261e-08
4497	8354	no	clade11sub11subsub0-4	1.5777620027146693e-08	2.165090858414709e-08	0.6641763901850375	0.0029512999219153	0.0006219305654093	0.000581062269583	1.2312062065499814e-10	2.888848122613149e-09	3.726683122714451e-10	1.3968945242183742e-06	2.05320700024638e-08	0.0025650551463107	0.0020180929774504	6.45091992792314e-11	2.928269232756772e-07	4.065377820871624e-08	8.217894710668281e-07	0.0001681826902523	0.0029026818844065	4.724036197879733e-05	8.100556625356812e-07	1.8669335552480624e-06	1.6531481028099732e-05	2.045559694923088e-11	4.102029874029314e-09	3.538897662449922e-07	3.2828368128612105e-05	0.3238842400887334	1.7986446565184539e-10	2.411169210219272e-08
4498	8156	no	clade11sub11subsub0-4	2.423802718647548e-10	2.671591279081901e-06	0.7504269723098328	0.0829161259343848	0.0110980233620368	2.592545310700845e-05	1.0274522626805937e-08	1.54869865753924e-07	2.6614346699907573e-08	2.7323275095292485e-05	6.55752449841127e-08	0.0001765464762159	0.0066145478209414	8.787671409850699e-08	1.2340775984491882e-07	2.959660092114425e-06	9.983261015329952e-05	4.330422904805138e-05	3.886438033433758e-05	0.0003231011527526	2.998748679065699e-06	5.1213359608059934e-08	1.9082279197552973e-08	1.8181549279582066e-13	1.015222737144625e-06	3.778828778239193e-07	0.0001768667682318	0.1479523537976358	2.7604418639162523e-09	1.7429219049499986e-10
4499	8155	no	clade11sub8subsub1-4	7.218342381524788e-12	1.793443897069803e-09	0.0434468550381659	0.0710062125028471	0.002539913680648	2.508941076561382e-05	1.6146007687902787e-11	1.54827457510847e-08	8.371249624190767e-11	9.615279742340897e-08	5.576096853103616e-11	5.7875452980025424e-08	0.000186993760323	9.993008633730195e-12	7.118642531653766e-08	0.0036656607198661	0.00026588326721	9.778335733650809e-08	2.424664480078068e-07	1.39320816208799e-06	4.980163592635294e-08	3.614616117652759e-09	4.4119937209422954e-09	4.011842066147262e-12	4.068166919904939e-08	1.1936224992700329e-08	5.593822892122307e-06	0.8786937175538566	1.7739905917107945e-05	2.09065009302846e-08
4522	8174	no	clade11sub8subsub1-4	4.313418860765572e-15	1.1097934312578178e-09	0.0006871148033663	1.2586882125861353e-06	2.0010285894223754e-09	1.3482545445807842e-06	6.248916675731734e-14	9.938614814070004e-16	5.117955403291942e-08	2.91368996091036e-05	1.5645383391462062e-08	7.604172063846056e-06	9.278197716040056e-05	2.394115733269858e-12	1.1176074061934785e-10	1.1052201309701386e-13	3.745647702212158e-12	1.338726974670783e-07	1.091816345160974e-06	3.034761894145696e-06	1.625117957801242e-07	3.690408005483248e-10	2.9632590183064913e-08	1.996671166256933e-15	1.408560346954222e-11	9.322559585806718e-07	2.723588846314581e-05	0.999147747484572	8.409110012686854e-10	2.4377320406497583e-08
4579	8195	no	clade11sub8subsub1-4	1.3708370107428378e-10	1.741674921522506e-09	0.0050155975363005	0.0027960578109789	0.0008480654292949	0.0001083704164812	1.5284861683276382e-10	4.4192908036807136e-08	2.010210435227896e-11	2.1985121374338096e-09	6.087069270844947e-13	4.4364875202483316e-09	0.0003250307678046	4.742315274997451e-11	1.1969203223758108e-08	1.4791182773600007e-06	1.23370952105572e-07	5.173846802194115e-10	1.5977545183237274e-08	1.33542574127002e-07	1.1470362928089622e-08	1.944605035689732e-09	7.121283679689327e-08	9.132563580368972e-10	5.2526469777714865e-08	1.5594446532477247e-09	3.875784996215453e-06	0.9645187678625262	0.020399441158413	9.518827393707774e-10
4582	8405	no	clade11sub23	2.6330853592958754e-09	1.358704008623462e-06	0.0261226111196974	0.0280615442625049	0.0049746537418511	0.0008089227175709	2.0461415538551407e-10	2.5356736674175775e-07	1.3304925975739288e-08	2.0092799573666437e-06	1.0279228315820744e-07	2.127306376925652e-05	0.6182823878670974	2.7172825774106853e-08	8.411616051344916e-06	1.591994089133415e-07	4.0048680809868815e-05	8.372346403485621e-07	9.790323677564377e-06	0.0002929505104831	1.0331353784855491e-05	0.0001134103243165	1.5001030876723393e-06	7.696175497142064e-10	5.73786315212352e-06	1.1381023752870553e-08	2.928611507168936e-05	0.3100311940279222	6.2633986087081e-09	1.2834979363630372e-07
4583	8374	no	clade11sub11subsub0-4	6.998472920197582e-09	9.533291443947726e-09	0.5809890870180303	0.1535045011639786	0.0197184487850426	0.0016755718936351	6.180302646538089e-12	4.63780222943932e-08	3.2307702764836672e-09	1.2249109533968196e-06	2.346155225400693e-08	0.0011650966171718	0.0010701647059029	9.318609764099349e-14	6.76945605961283e-10	2.8982026961634314e-10	1.5478682087830705e-07	2.6763203650815315e-05	0.0010262266968702	0.0007289805399938	1.5855896075450018e-07	1.8287372149870906e-07	8.075008013686094e-07	5.169193045993755e-10	1.6775744216716756e-09	6.719395505876975e-09	6.065614149519998e-06	0.2400210220310122	4.9241662956385965e-11	9.466044005384336e-09
4806	8735	no	clade11sub20subsub0-1-2-4-6	1.436313554566333e-20	6.104781045322354e-15	8.824095606120877e-08	4.803240809949564e-05	4.292513791851445e-12	7.92636178186372e-10	2.450118010892524e-18	3.4267307528585465e-18	5.734340970391116e-14	0.9988719693328544	0.0010798846930076	5.880353278180593e-11	2.7248087257411334e-13	2.4798997560915945e-15	3.892485404789579e-16	5.880034178687272e-22	1.6073432392368847e-16	3.485729181334713e-12	4.845544008446142e-11	3.3046226837407118e-12	8.999211695716276e-14	3.949710988071741e-15	1.9170074409239776e-08	3.7143568624971904e-20	1.6780582171057272e-14	2.318478204258837e-13	9.227326768368428e-11	5.044909812907897e-09	6.848948115870551e-12	9.477279513448927e-11
4808	8154	no	clade11sub20subsub0-1-2-4-6	4.8415706146647654e-18	3.27974363453378e-11	1.6110580295383502e-06	4.913899707592408e-05	2.1520438736124086e-10	8.654633638780895e-08	1.9778143937751666e-18	1.5584174473521325e-19	4.1812570575885126e-14	0.9957541491174544	0.0036876158855378	4.2728287778879716e-08	2.1464150308227403e-07	5.768449881874017e-15	6.236766959390653e-14	5.672987138600027e-20	2.816550447975205e-16	3.312894671878148e-11	2.0637188149362283e-09	1.096479603238988e-09	2.0393832040383928e-10	6.217890663034411e-16	7.671052254537071e-09	2.4206018391434312e-18	1.653299831172841e-13	6.394830322041084e-11	6.54142526083755e-08	0.0005070628859458	1.3825065934090269e-12	2.1633754990846287e-13
4810	8352	no	clade11sub8subsub1-4	3.064014840823078e-15	3.701886341339662e-12	0.0324206633847087	0.0003384215903619	4.081969313486213e-06	6.846440511064019e-06	1.9462165663763762e-13	9.824108167135547e-14	1.394746050074576e-13	2.50474565866202e-07	1.6942237095614585e-13	1.278262564213278e-09	4.88759134023876e-07	8.211690156194496e-18	1.5253507174840504e-11	4.813626842725663e-11	1.1195253403570952e-09	1.7799792212218495e-10	5.363627270531508e-08	1.8562430680221312e-08	3.749493742144567e-12	2.0965483601945738e-13	9.463339309756262e-11	1.3410557759181808e-15	2.0816663096291202e-13	2.132660072623504e-11	2.681789004932688e-08	0.9672264863688982	8.689350340175257e-07	2.052131473590584e-09
4813	8736	no	clade11sub8subsub1-4	9.317612660443893e-13	8.80021187888463e-11	0.0082540442189318	0.0002788314566556	7.554193976478475e-05	4.149430575776187e-06	5.560202036380768e-10	1.372352367497933e-10	3.45844633196877e-11	6.598072014840706e-09	4.796223418069396e-13	1.4877522842183057e-07	0.0021107739354767	2.1855799966805734e-13	7.205317648717303e-10	4.9286352446131494e-11	3.2279919211470303e-10	8.021276369043978e-09	8.120694912115908e-07	1.929084156291992e-06	3.72181560571487e-08	2.514131540623292e-07	1.3570313665504145e-06	6.42308229977115e-10	2.3776890610992933e-10	4.5744157838678246e-11	3.584070152324491e-06	0.9891187947985716	9.666887954088472e-05	7.707173141247015e-07
4814	8357	no	clade11sub11subsub0-4	3.366765527945192e-07	4.250926448352745e-09	0.829413313614877	0.0348647758000679	0.1261909456498795	0.0003916156839839	8.849585124272491e-06	2.0593503339352424e-06	1.205065751865314e-07	4.1406610541242145e-08	1.0781894190566823e-09	0.0002170147480282	0.0047173399679458	1.739415733924144e-09	8.842154149492788e-06	4.5569212740934845e-09	2.022800221581911e-06	0.0003391720546018	6.130276324582797e-05	0.0017318087615615	1.0625424433948494e-06	2.095144402495768e-05	6.967718871148249e-06	1.0989590463965156e-05	2.463382360934595e-09	6.234097302003456e-08	1.7896506810914755e-05	0.0004959925061452	1.8854732358629295e-10	6.511039158541963e-08
4815	8916	no	clade11sub8subsub1-4	2.954985556983158e-09	7.217480301712627e-11	0.0054358957993048	0.0058133513866347	0.0005039216643467	0.0001254078019389	9.348469160567854e-10	4.597622802308345e-05	1.328144003045663e-09	4.706997141739028e-09	4.594096492549044e-09	1.4063967984782928e-07	4.749221979469761e-07	5.168217328960495e-06	1.5857376523553417e-06	1.1174966372203537e-07	2.401297692257849e-07	2.062152223287281e-07	9.880526415608629e-08	1.1511479420751705e-07	4.667378135638432e-10	5.915909990600237e-07	1.600820749263937e-06	5.7568127716488276e-08	3.5038314031297105e-07	1.0614834722970215e-05	0.0002169794323548	0.9788162502039216	0.0001624541973316	1.589483534669867e-08
4828	8945	no	clade11sub20subsub0-1-2-4-6	5.5417677640710016e-21	1.942808575203116e-14	4.177204049122872e-06	0.0004173103139079	3.5351982063344557e-10	1.350527403280547e-08	5.875663804707037e-17	8.029483060520884e-18	6.677918981367387e-17	0.9995550526279072	1.939188111572568e-05	8.20554021064565e-12	5.960071563326429e-11	2.0712580702211457e-18	1.522296138214875e-15	9.693952778515985e-18	2.685351610222222e-15	4.780502515496772e-11	7.138969308662625e-10	2.587226939582297e-13	5.043600731372214e-12	1.3285930480530946e-12	7.239218630254842e-13	1.6248012684161775e-20	4.2288822152989614e-14	2.0226906862284485e-15	2.2178735786300762e-10	3.062549668375104e-06	9.83174875978781e-07	5.544702419418323e-10
4833	8946	no	clade11sub8subsub0	7.904083255260629e-11	1.5486282342471878e-10	0.1064537688026893	0.0013440451082487	3.271062001269042e-06	0.0007996332886277	7.227207495655655e-09	1.3835999759158888e-09	2.5922508806870147e-09	1.1786750041827768e-05	6.244560970735172e-08	1.3863813880286436e-05	1.0705966126041204e-05	2.9680815645423117e-10	5.710122846668694e-07	2.2012079263225484e-12	5.706880876507506e-11	4.972089514581225e-05	0.0003327728766011	0.0001358461182925	1.2182827806972876e-08	3.687716201980815e-05	4.634749225685454e-05	1.8793750482369978e-12	4.3571725908946565e-08	6.707542340692861e-07	0.6877909201626282	0.1997059370859849	1.047276048055913e-09	0.0003935629600773
4844	8749	no	clade11sub20subsub0-1-2-4-6	4.151319036351424e-16	1.109884666036984e-12	0.0001221298448023	0.0097092832110305	1.6548342958485526e-08	1.5171148789229883e-05	1.2783951436910014e-15	2.526551974935016e-15	2.67755864529631e-13	0.9897320325170011	4.246356470716362e-06	3.304529935515694e-08	5.196087357886648e-06	3.445740199166677e-15	2.3174193199314037e-10	2.0121881104493257e-15	5.888162760172919e-11	3.87528575980616e-09	1.153428586839057e-07	1.6857007997996485e-08	1.6539155032201054e-10	1.0915499884735142e-11	2.9189161909024384e-06	3.30501571913179e-15	1.4271500332199099e-12	3.9927921601763606e-10	2.7276792560536878e-06	0.0004060420332605	5.3953766667946193e-08	2.948398439742289e-09
4880	8193	no	clade11sub8subsub1-4	6.642361800510298e-11	6.530282555537588e-08	0.0060954594743369	0.0043593778460426	6.738872096665904e-05	0.0001501600372927	1.4063380805088553e-08	1.68639781706078e-08	7.292882432396041e-09	6.252347443992552e-08	2.9852477054420174e-11	1.0931569986929353e-07	3.0836655401414605e-05	1.6541927568467994e-09	5.920109841963041e-08	2.9732811233421017e-10	1.5315625551787306e-07	2.389134542868496e-07	6.077100736784271e-09	2.956795189559135e-06	6.25732962730422e-08	1.3173131580820904e-07	3.886650770874578e-09	7.371051192251049e-10	3.611266674737127e-09	8.946089870171408e-10	1.76791060836743e-05	0.9884819800643124	0.0005988869660291	1.4711302752812608e-08
4882	8770	no	clade11sub8subsub1-4	8.350338786988813e-10	2.9450286353156147e-08	0.0658683583070981	0.0283741751921773	0.0050061834248148	0.0002909965992752	1.9121987249158738e-10	1.2530225928675345e-07	1.2175362674601531e-08	5.230486155388889e-07	2.49583143436805e-10	1.0777508693765551e-06	0.0227163720929628	2.4858713792718345e-10	8.694279603989699e-07	9.990798282250422e-07	9.045473993176147e-06	3.049307997651261e-07	4.304604816642451e-07	1.840477596321672e-06	4.002870532303913e-08	4.773296762862704e-06	1.4503286135139405e-05	2.105623415602839e-07	7.239390447417385e-07	2.9289443851491332e-09	8.934709451441769e-05	0.8705355246626941	0.0004813135355697	1.5602220703690308e-07
4885	8971	no	clade11sub11subsub0-4	5.3503093050644887e-08	2.788096185918585e-10	0.4695217214954959	0.2550840721574443	0.0083516892758075	1.8173014613458288e-06	1.4821152261449284e-09	1.10803347448407e-06	5.939692523875452e-07	4.668706755187434e-07	2.4180512602698865e-08	4.349522014892541e-05	0.0217505698939723	9.619693112057565e-09	5.1266809410759615e-08	2.8145540544820682e-14	2.3097082970523804e-08	2.790602115974419e-05	7.487175799311957e-05	0.0055227387971186	5.258163174263031e-10	0.0001622797139801	4.783084419961902e-06	4.378487404490026e-08	3.200870068000242e-09	1.7560727224477145e-07	9.226034487720365e-05	0.227725475070875	1.359169411265549e-10	4.479593834197642e-06
5108	9114	no	clade11sub20subsub0-1-2-4-6	3.541183102526232e-22	4.6961184050263886e-14	1.5661902109040677e-07	0.0020137201177854	1.500956908842894e-11	3.5468065116162903e-10	5.376767874564573e-19	7.525390239610022e-17	3.331079714010132e-15	0.9958978459127448	0.0020740288643197	2.495244475585612e-13	2.2150008962880624e-10	2.751093159929136e-16	4.961953985593227e-14	5.023118275253277e-19	4.481318024343948e-15	1.2743717903123368e-14	2.226776932461343e-12	1.8057140904226045e-12	6.254352513544416e-18	1.9392351686847058e-15	2.2240687861107464e-10	1.1653691552568826e-21	3.1912896927928733e-13	1.042194173507103e-13	4.696519778086345e-08	1.3845204688135745e-05	3.535340701892787e-07	7.474280777968226e-12
5109	9274	no	clade11sub20subsub0-1-2-4-6	1.3519010475379559e-20	4.311320177957601e-12	2.8748993273736e-06	0.0013217823712953	1.2775223413922459e-10	2.0298479585549368e-08	3.021613569683816e-15	2.9761438168683324e-14	9.62420988895722e-17	0.9964968064136104	0.0021779564195454	1.9466126680357857e-12	1.7794805864734622e-09	1.6171618613443052e-14	3.8597549533269854e-13	4.023738019689589e-16	6.791456043362228e-13	3.9037011668268683e-13	4.353739225063861e-11	1.1517796412223929e-12	1.4808614149523447e-14	7.317241478776296e-14	3.5956846689560974e-14	2.1047937121456684e-21	9.545148428788883e-12	5.458996180636142e-14	1.5038262727538422e-08	2.576430383477353e-07	2.846571645817625e-07	6.9144870944653506e-12
5110	9115	no	clade11sub20subsub0-1-2-4-6	2.5522682281589838e-17	1.6190373261541052e-13	0.0003375755968237	0.0959883670804759	1.456264479059362e-07	5.9322885121508665e-06	1.1016455838533204e-17	1.552124226889623e-15	4.068555399078555e-15	0.8951890351610788	0.0008874404373106	1.1446631007694113e-08	2.1939442302439697e-05	1.2395016459074194e-15	1.652257706468756e-12	1.66598241549807e-17	4.389061632892378e-14	4.486839934139053e-10	6.370536974978446e-08	4.0845831989737494e-09	8.212480760876204e-10	1.0726834539589688e-11	8.915117643378589e-08	3.581052728103875e-16	5.833719884842396e-13	5.37962065052128e-12	1.2329140939375103e-06	0.0075676101651709	3.4862113963205475e-10	3.599141082967505e-09
5112	9117	no	clade11sub8subsub1-4	2.313113891279468e-16	1.1864424716469516e-13	0.0029196168771503	0.00013565780895	1.175729674743762e-07	0.0005826698325557	5.598965048795507e-09	1.171890519187132e-13	8.926349182352676e-16	1.1209055812660712e-06	9.088176369523543e-12	1.9672121358761542e-09	1.9552342629522135e-07	3.9949183095759293e-14	1.0784759330310112e-11	2.211588092096463e-12	1.3682646015847469e-12	1.3925984209796097e-08	7.615860576729613e-08	5.890906794450823e-11	1.1312182810771243e-09	9.393789031474506e-12	2.0701287757398648e-11	8.439636586169314e-16	5.578414752510985e-12	1.4090486636159247e-11	3.107771811370151e-07	0.9962180414943358	0.0001116950345385	5.195115792008832e-09
5114	9277	no	clade11sub20subsub0-1-2-4-6	1.140539465730164e-16	2.862230293513592e-12	4.771415400732727e-07	0.0017789636653012	4.027789703187346e-09	6.314119387293086e-09	4.5303239126530484e-18	6.535797707600472e-14	2.142166042296145e-15	0.8956405856187409	0.1025561252321952	2.101582375999145e-11	1.2148052564410966e-07	1.727260861565172e-12	3.3384841984720496e-11	6.870863677286383e-11	8.938821840884775e-12	1.8047699190124742e-09	2.743490985896467e-09	3.896917116818778e-12	6.0163475919505945e-12	2.833252928920847e-09	6.020849059319769e-13	9.88813191132136e-17	1.6429095182651167e-09	1.807552817021212e-12	6.542365969995533e-09	1.4346267983601138e-05	4.5897720693051264e-10	1.8133894375843224e-10
5116	9276	no	clade11sub8subsub1-4	2.0504650346566878e-13	3.968163133864776e-09	0.0037097088568111	0.0053053067876251	0.0003714659995522	3.3268327357261583e-06	3.013468344562668e-10	4.6097957983574086e-08	1.7835938433918749e-12	4.567429290338409e-09	1.5882636054479939e-09	3.9653727348613485e-10	0.1637675396244051	3.328976008240438e-07	4.4696930646196734e-08	6.095019186573593e-10	2.436086693745602e-09	3.3318290723661407e-10	2.1344199216182144e-08	6.849681638012549e-10	5.45721466473324e-08	1.2009434636814937e-05	1.4700046480667818e-10	3.9202075282527613e-13	1.2028065878737985e-07	9.355282237032203e-11	1.2814982988059275e-05	0.8263105928531723	1.6610731449188447e-09	1.0459814686592876e-07
5117	9118	no	clade11sub11subsub0-4	2.494230353841914e-09	2.8051595431016154e-11	0.9447358798685532	0.0375137479585239	0.0068671856376946	2.082718322393627e-06	3.9016025104504004e-12	4.049480010026523e-08	5.223925997011048e-09	3.98196515484918e-08	4.444418752052082e-11	1.7034114425927717e-05	2.8194596221136015e-05	5.020578625941048e-14	7.166370383160136e-10	1.1601717426166916e-09	5.5356136198132746e-08	6.162714045381065e-06	3.4257664687997304e-05	7.891965229110479e-05	3.4893183251293105e-10	1.780197554963475e-07	7.505009818988532e-05	1.0923663500638852e-08	1.244649160790522e-10	3.336367408160379e-08	1.402253894437827e-06	0.0104614763490206	4.94484683601699e-10	3.2202368832363625e-08
5118	9119	no	clade11sub8subsub1-4	1.4446840109017318e-11	1.548826205581514e-08	0.0352031322792415	0.0096328593478261	0.0023207288471993	1.1584528178578429e-05	7.351247549297304e-09	1.0912516644351255e-06	1.2517213851968876e-10	6.933705436018704e-09	7.422730253376472e-10	1.3721326064139106e-09	0.0402145236299614	4.523867574779441e-07	1.237185505822025e-06	4.0893094678789914e-08	1.9090150282062634e-07	3.625815114655676e-09	2.692562954279201e-07	3.3062533701649856e-08	1.1148317472182125e-08	7.746708663733853e-05	6.005086910849808e-07	2.6896700795636492e-09	3.144430406446171e-07	2.303302916464108e-08	0.0002443613896112	0.911625706695333	8.140402868639539e-07	1.3570709408019995e-06
5181	9156	no	clade11sub11subsub0-4	8.603122318813052e-15	2.3647975582941275e-10	0.6438895586777822	0.0247203318887733	1.577126369487133e-05	0.0003849645644317	2.714230223048359e-09	2.9345128704942583e-10	1.6110619838316282e-13	6.872443431490321e-06	5.790697086564654e-05	7.000861342133736e-07	6.493735567792493e-05	5.305257119062428e-09	5.00022520645846e-08	3.3482669812965117e-10	2.6206047570851043e-12	0.0002443515892644	9.931040812597195e-06	2.3624324142513744e-08	6.075350402704788e-09	2.980164842113288e-06	9.388086120826388e-11	2.779484170620988e-11	5.015816478959355e-09	5.4800968808905955e-08	0.0001862426049862	0.3295839593533645	7.386037163229752e-10	1.4939338508859302e-05
5184	8970	no	clade11sub8subsub1-4	3.299695716955785e-12	3.914343696606658e-09	0.0031170177886809	0.0066982231932112	0.0002717738783722	2.0501705203263485e-07	3.2060456614527196e-10	6.79409413982372e-08	1.8680496325983432e-09	4.680603634827224e-08	7.204248922042093e-10	7.397894879752582e-10	0.022155472552721	3.089312257530198e-08	3.5723066344733975e-07	6.665325393809022e-08	7.397691890501481e-07	8.596920151607378e-09	1.739747928371559e-07	1.5878582513965152e-08	4.4457997141293884e-10	0.0001105058100724	1.456183171054874e-06	1.0148065636531597e-08	6.803488008105744e-08	3.578556560901278e-09	2.629321207624232e-05	0.9670535597811656	5.13763513030684e-05	5.120989395090685e-07
5187	9158	no	clade11sub8subsub1-4	1.0986502315701111e-10	8.885430252596901e-10	0.0782791778159076	0.112207905524745	0.0019667368912962	1.5277660742222625e-06	1.1453165244665752e-07	3.0140172841805456e-08	6.618947782465306e-08	1.5287767780884058e-08	8.68465859464759e-10	3.318195887385274e-06	0.1503349214157033	1.311831772587374e-09	1.434239201224944e-09	9.7816385717381e-14	2.729823095214311e-09	1.6955473405960103e-05	1.9344940820902943e-06	2.030612878650549e-06	2.5990937560087954e-11	5.249369189154893e-07	1.3101215689487706e-08	8.400963635629362e-08	4.044992867487042e-09	2.5965225440023646e-10	5.570689516003733e-05	0.648914396975153	1.4908979105404285e-07	4.483210776229849e-06
5371	9475	no	clade11sub20subsub0-1-2-4-6	2.542466610160298e-18	4.403262658449682e-12	3.392657313279396e-07	0.0008663194994433	1.9894081816789686e-10	2.2979280625315775e-07	8.144639143865722e-18	1.5293300570297638e-14	1.3717752343721908e-15	0.72113232413228	0.2779167751886527	1.477975301887079e-11	1.6341055544520412e-07	1.2939950581262334e-12	1.624826704593937e-12	4.482385887400499e-15	4.658194147668046e-12	3.16956150005354e-10	3.2954894699419973e-09	1.5089620392312636e-11	1.119592780947951e-10	1.2957179271385114e-09	2.9459240518767733e-13	1.7966354451280412e-18	1.5915644814458878e-10	2.9490336118966983e-13	5.4492925487130835e-09	9.617751700615436e-06	2.899023759817933e-11	2.0966478168482155e-10
7385	15931	no	clade11sub11subsub1	8.025342833215756e-16	2.6881249708042848e-11	0.1132847771690089	0.88459207465358	0.001650658145337	3.8204173745023825e-08	7.369266361236264e-12	5.8164231323134316e-08	6.006334975484652e-16	0.0004191571603879	4.813943743188111e-05	5.3147885558857697e-11	4.599207040226889e-07	1.6302056486595733e-08	1.6255826214604836e-12	8.951253872738832e-11	1.2883577746154059e-09	1.1823084514611432e-07	7.9569833474748e-10	2.6971048613780107e-08	4.854863353115052e-13	2.6992483692699276e-09	1.1393652317332312e-15	1.1146529166620622e-12	1.1787075206764215e-10	6.92127917587699e-13	1.8467011786801993e-09	4.15572696019622e-06	2.973689302969012e-07	2.101063391660228e-11
7388	15932	no	clade11sub11subsub0-4	1.2183818883210159e-11	2.740695674380789e-07	0.8331942700583859	0.1076904497891831	0.038223869348642	6.017209691796268e-06	3.4828768231880635e-08	0.0002567929755621	3.471437044510565e-13	7.597784562129837e-05	0.0002326114914676	2.691550673897134e-08	0.0200702305579942	3.012190320117832e-06	1.5048949014309602e-07	4.234535715485033e-08	2.3399175192090845e-07	3.354135682246262e-05	1.468053536195516e-06	1.807033539020302e-06	2.6338272947027233e-08	7.369069435429168e-06	1.8795492624631735e-10	5.5519969651087324e-08	1.3369340166572626e-07	3.0793055360698844e-09	1.595713664645613e-07	0.0001851491616265	5.584061513019879e-09	3.5960970252146222e-09
7389	15724	no	clade11sub11subsub0-4	2.2627799281384187e-09	8.123638669818725e-06	0.6958806340303648	0.0076531447537962	0.0324595396552116	9.088987135767174e-06	3.745277897381504e-06	0.000927682440829	4.3851369885099067e-11	8.423676617958233e-06	1.5163899975097578e-05	3.845931663935923e-06	0.2588675056755625	0.0001298557847691	1.355028880295881e-06	2.058564337211018e-09	7.838681770715387e-06	0.0029717998430988	4.58749719316495e-05	2.740836163378388e-06	1.0733469982237493e-07	3.749286806800714e-05	3.384714313208124e-09	4.326656952507193e-05	2.673804660154535e-07	3.589899779813781e-08	7.386297897185633e-06	0.0001662015128382	2.3428162588625976e-10	9.228809839038949e-08
7393	15921	no	clade11sub11subsub0-4	4.384832791456979e-11	6.505905086027158e-08	0.6733724276803014	0.0774970788434408	0.2455970455310519	7.282430520889554e-07	4.4944049981325535e-08	0.0006145136549531	5.91458739516584e-13	1.1811874093336242e-06	1.2430499845568738e-06	2.451021684993129e-09	0.0024836709313973	1.4900081828528956e-06	1.0339225843572109e-07	7.99903009934261e-09	1.7162023775512619e-09	2.2821850747841779e-07	4.9492286783124294e-08	6.558375786413085e-06	4.483751498725007e-09	7.99452365608914e-06	1.6885411577659063e-08	4.766312187875971e-06	7.534688824178448e-08	1.0734412775446675e-09	8.251001780431328e-06	0.0001488808873405	2.83195526381608e-07	9.252675171636193e-09
7456	15980	no	clade11sub11subsub0-4	5.1183179235433976e-06	0.0002953727045438	0.4925516997246502	0.1043496865197822	0.3680277513586339	0.0008975660798401	5.267013120055866e-07	5.961706503454059e-05	2.66004808333468e-12	0.0009247388074974	0.0181561573361372	5.226557502033965e-06	0.0091269204177371	3.191365626248164e-07	9.18749423013484e-08	0.0002458479664621	7.832511779974464e-06	0.0003896788851623	5.975879303549441e-05	0.0001804437265641	9.184735690444324e-07	5.692460478169146e-06	5.2536600915689386e-11	1.7900466384469837e-08	7.4679202520137985e-06	1.7533966850555958e-08	3.215570330496384e-05	0.0002898517704062	1.7380318777387608e-08	5.3099119176084155e-09
7594	16789	no	clade11sub28subsub2	2.0622919352978636e-08	0.0001558743227522	0.3067642605678454	0.0321395566026303	0.123300090103789	8.458508837041142e-05	1.520614526449291e-05	0.0017285502153896	1.888886721805782e-09	0.0013830464705421	0.000391828161086	0.0003463640017588	0.0077817835618312	1.8025223035107425e-07	5.996388819205775e-07	5.251120052171082e-06	0.5222664292918171	0.0004347874127328	7.987503966445526e-05	6.051504367020068e-05	1.744806800450381e-07	2.498383513267505e-06	1.891150611628248e-09	5.138155345010678e-10	5.05525997010661e-06	5.449057860107635e-05	2.1497181440151357e-06	3.5871547654549205e-06	3.4872042111977998e-09	5.935201677426882e-10
7595	16223	yes	clade11sub11subsub0-4	5.248140589419448e-16	3.0127354711486516e-08	0.8214562217016422	0.1684647353466079	0.0095840192282088	1.6127413369949348e-08	6.054189517002383e-09	1.0639398069299264e-08	4.2264766380130665e-14	0.0003664582350308	9.539610142552813e-05	2.89056433157158e-09	2.315975177226431e-06	3.345846503173129e-08	1.8437358532239728e-12	3.4879590208557216e-12	1.3933720241478318e-07	1.2478346169235906e-07	2.0803937091475275e-08	7.538146449486431e-07	3.0111104051298934e-13	4.2103995386810924e-10	7.50579748670215e-15	9.98976506854812e-15	2.361185872925374e-10	7.982227786422788e-12	1.5525501389180212e-08	2.49195607572915e-05	4.318182857300219e-06	2.3373123338904484e-12
7599	16476	no	clade11sub11subsub0-4	2.7085400680534347e-12	6.3431763329309635e-09	0.5739302723854931	0.259064956620617	0.1665047799376867	6.151766093571974e-07	3.052420816916841e-08	1.2323227133147751e-05	1.926349427884807e-13	4.230310997303853e-07	3.818469465763549e-06	4.2512320518279015e-10	3.533842566376687e-05	1.0638606867145962e-06	3.707192586706352e-11	2.8018699647774224e-09	3.5829848192269132e-09	9.412873558680011e-09	2.6239982395645582e-08	5.944221017184092e-06	2.070082967512164e-10	9.73077152284343e-07	5.347262167367474e-14	1.417141324245403e-11	7.435789712165555e-09	1.2928429987269683e-11	5.800380306219906e-07	0.0004342382183263	1.5088082494284185e-06	5.067583961428556e-10
7601	16790	no	clade11sub11subsub0-4	6.018000581477331e-12	1.7005705102092394e-08	0.57385875903697	0.0360629229229617	0.3837540796843877	2.4279048066082e-07	1.8321199304948967e-08	0.0019778336080013	5.263758317520037e-12	5.0922224669318925e-09	1.6413366216429e-09	1.0834744258213992e-08	0.0026043707385316	0.0013339840046662	2.2962767517294777e-08	5.065907655106021e-13	1.5980175094016646e-09	3.3887975970787545e-08	1.1985198649077294e-08	9.645370473378596e-05	1.4378695483214022e-10	1.5921816730602574e-05	2.12698430342892e-10	4.960573096265852e-08	1.1884457112052136e-09	2.1905696046087533e-11	2.712171553389379e-07	0.0002252775665052	3.0567556931767897e-10	8.771288411680534e-08
7603	16455	no	clade11sub11subsub0-4	6.803632537319324e-07	8.003333242339813e-05	0.4691732037686439	0.0025011120201874	0.0600211388038405	7.234658187274895e-05	0.0018416286810343	0.0889847049284169	2.0602751232619536e-08	1.659173508889032e-07	2.8848645672984305e-06	1.5094767596874546e-05	0.3439728429653327	0.007716252760184	0.0001213049328086	7.595662295363294e-10	1.0396608046306885e-05	9.82226416885238e-05	3.1530026488418936e-06	1.4016510942972725e-06	1.0911045812068522e-06	3.195897037739784e-05	3.7029101566917677e-07	0.0205811916469963	2.5283715263818552e-06	9.213968059098324e-07	3.4796806882275496e-05	0.0012524589952246	5.409395691878525e-09	2.11994647346803e-07
7681	16879	no	clade11sub25subsub2	1.380502709844963e-10	2.495059911216904e-08	0.1426824991692029	0.0075867375463969	0.0090225096460088	4.904417727231248e-06	8.552410437165682e-07	0.0096500724666911	1.1879742881544823e-10	8.343706907527222e-08	1.946128326110071e-06	4.512930037236404e-07	1.3943338243958746e-05	0.8290333595574886	3.182594022816177e-07	2.638067522375838e-13	2.42613603572669e-09	4.6122298556518055e-06	1.979786906500154e-08	7.024118725241284e-05	3.235561175210088e-09	5.423918318367922e-05	1.3870439665681948e-08	4.581010732170631e-06	1.3435990432762345e-08	2.1655464787575543e-09	1.619596632905004e-05	0.0016552778603506	6.518581989475457e-09	3.783585675989969e-07
7682	16871	yes	clade11sub11subsub0-4	5.867772366368506e-13	3.002198210669814e-11	0.6601116759498699	0.1117279151421884	0.2281182009242771	1.651349255876241e-08	5.6569550361953585e-09	1.0328656709469614e-08	1.9273609023140903e-16	4.2805687685590316e-07	1.2495875821720757e-07	1.062704422762494e-08	3.581221771741357e-06	6.204022009037502e-07	1.23031382369851e-12	5.5527000902184607e-14	6.995229280286575e-13	2.782583631593993e-07	3.027809039232005e-06	9.339239071338404e-09	4.160235958327719e-09	1.1878488677121035e-08	8.575200024553169e-13	4.391699290086073e-09	3.6639844857472376e-11	3.971737289021085e-12	1.6408903723187883e-08	3.190788074346961e-05	6.487352338170324e-09	7.583180775935229e-12
7683	16265	no	clade11sub20subsub0-1-2-4-6	4.132131538704675e-16	7.2936225592187165e-09	0.0015064053851802	0.0059834892697922	1.005137471202015e-05	2.763644303985085e-08	2.789933911230556e-11	3.3664605099942306e-11	4.6709564717839273e-17	0.9823614758555148	0.0101349055718208	1.6283160899879354e-10	2.7494048988464117e-06	7.112770664302089e-12	1.3112252969536522e-11	1.2677632215796709e-11	8.444753350342259e-07	9.836075267498034e-09	5.064618739580453e-10	7.634146394237265e-09	1.1499549716041744e-12	3.3942205253778787e-11	7.396773723399418e-15	8.323385857198031e-15	1.308191362423509e-10	2.8281352848582266e-10	1.1680309591748248e-11	2.5588508089469732e-09	6.181124114923297e-09	6.545369967498387e-13
7684	16558	yes	clade11sub11subsub2-3	7.064086097199479e-11	5.792804007592891e-07	0.1204747317919243	0.1214833603769216	0.754998668200838	1.533819793553727e-07	9.466080488661563e-09	0.0001294283831026	1.2457257493066656e-13	7.783924196278912e-06	2.618102109207756e-07	5.32668391176534e-09	0.0027580229554687	5.2902400726918976e-05	2.1776396222941232e-08	1.6847494336417031e-09	3.614651961156711e-10	6.808370531009012e-08	8.007611643789949e-07	8.374089951307783e-07	1.407185523749901e-07	2.275174775447073e-05	4.707221804853786e-09	4.906007551578415e-07	3.093658913608168e-06	9.485709269550456e-10	5.325600460723053e-08	1.376099404521722e-05	4.90045602087088e-07	7.965840575563945e-09
7685	16559	no	clade11sub11subsub0-4	4.453199457808495e-07	0.0001906477553168	0.6128576213126868	0.0134015873584373	0.0970769001562391	6.488497590497692e-05	0.0006023325424082	0.2410380005261174	8.070112694658857e-09	6.471537660810102e-06	6.346717162014951e-06	3.913401654387925e-06	0.0013697094666117	0.0158863412020604	0.000184947208062	1.1081678363062234e-08	1.7379795198232022e-06	0.000575928727942	1.0586023551480212e-05	1.0874620016268202e-05	1.9901677270524995e-06	0.0025109437591054	1.914532841444616e-07	0.004949092691118	2.0774627272301817e-05	2.644042986676072e-07	9.959204722816438e-05	0.0002631874377877	1.6446243739277755e-08	1.3413020551095244e-05
7687	17205	no	clade11sub8subsub8	1.8714918154128888e-18	2.829925903014921e-14	5.229893116633036e-06	0.0003350695987257	4.1096400563532014e-08	1.7405950429003682e-11	1.2320196767273098e-10	1.287975256188842e-13	2.543557769748831e-22	2.975705633857261e-05	5.959252563686717e-08	1.6351553191639695e-14	5.374281544112533e-09	2.3815035131116277e-17	7.487941381586269e-19	2.2132445557829923e-12	6.0041304689450186e-12	1.3017581451927114e-10	5.883140882098762e-12	1.9659380498620922e-14	4.999454859545316e-18	6.284991517612667e-15	2.0308385860837696e-18	1.5486832282035005e-18	5.2889110346771495e-14	3.9729414264773293e-16	2.8000833424760665e-13	8.748705069289699e-07	0.9996289621974992	1.003398088540527e-14
7688	15982	no	clade11sub11subsub1	5.0328634691400894e-14	2.432304817127988e-10	0.0232876891660565	0.9694040538451834	0.0071417923898911	9.481382212494969e-09	2.316384034650845e-12	3.0190801891874734e-08	2.6771570199863176e-15	4.764316751203351e-05	0.0001172845999574	9.95116645471842e-12	4.0386568739383723e-07	1.1057084460426003e-08	1.6572841557945168e-11	4.6199842804853585e-11	5.526108896479307e-10	2.115125668270645e-10	2.3087867033035676e-10	3.4872709714935486e-08	1.356684884357956e-11	1.123572774138457e-09	4.3502773723033855e-14	3.2984947859541733e-13	2.0698533841158135e-10	1.6921443100138156e-13	1.3223183447062366e-08	1.0016990972938189e-06	6.701235799031606e-12	2.3950793051565154e-11
7689	17230	no	clade11sub11subsub0-4	2.5095537396334015e-11	3.955553936981667e-08	0.6838076114868452	0.0298439003087457	0.1531815343587298	4.474452457868679e-05	5.266073354764706e-07	0.0681974900473225	7.117961898850586e-11	2.5231570064599215e-08	3.363302207702289e-07	2.0187470966570387e-07	0.0041535605790179	0.0521056747044091	3.74223464964572e-06	1.3980163113456003e-09	1.8279476330917608e-07	1.1153874877052597e-07	7.103839120942183e-08	7.427857376304682e-05	8.707573728640761e-08	0.0001150121439513	1.0830998440109033e-07	1.141766235317963e-06	4.8534620024331646e-08	2.086761590198213e-08	4.2745378014102135e-06	0.0083687812586564	2.5776261374562333e-08	9.699756036777094e-08
7690	16266	no	clade11sub20subsub3	1.3855373785692918e-13	1.246799614246002e-07	0.0014175430448229	0.0687664501930836	0.0001249400963001	1.0983370895329547e-07	1.3045582685828005e-07	8.241189056618098e-08	1.389213227651486e-14	0.0015117446543248	0.9280660385686362	8.443105135509162e-09	7.123717580384331e-06	9.301431660871262e-13	8.949616910347916e-14	9.186517206355431e-10	8.505624485888431e-10	2.0590567580361526e-09	3.4161755770217346e-08	9.561061024779239e-08	1.443648052218749e-12	1.4719122224343104e-10	2.4996186394681954e-14	3.0589213981062637e-12	2.1193224363081684e-08	9.858564527446748e-11	1.9219746310907924e-08	3.28560871770439e-06	0.0001019993543012	2.9134354645152157e-10
7691	17206	no	clade11sub11subsub1	2.4227537162557884e-15	4.0275024148628993e-10	0.0300179825182117	0.9650474548673544	0.0021355353734951	4.045924078656515e-06	3.0428526879751606e-09	3.3884825619145174e-08	7.159182515984524e-14	3.3755318239221845e-05	1.352858134434929e-05	9.318651730599044e-13	6.269481008958876e-05	3.866258422029169e-09	6.919568853431647e-12	6.592049913870156e-12	5.701375572534987e-12	6.928616499079622e-12	5.038065283703625e-10	9.716541255435647e-09	1.8530962548510248e-13	6.513605061087418e-09	8.194804902119958e-14	1.8515415621994308e-10	1.892854528589782e-08	6.147877263810827e-12	1.6645377234765502e-07	0.0018985652073556	0.0007858098218356	2.982494787027356e-08
7944	17583	no	clade11sub11subsub1	3.3756626184504613e-13	3.3372610790559635e-10	0.1592279587965378	0.8080109900279239	0.0250614642299264	4.35014652858952e-07	9.420113889306537e-08	6.204893139622846e-06	1.6292743121441468e-12	5.288726954342232e-07	2.4847541778229e-06	1.6947246938455224e-11	3.489568042666553e-07	2.511125223687628e-05	7.616429988088682e-10	1.6416591193481817e-10	9.317572940519904e-11	3.788948985955604e-09	4.568456594340054e-09	8.487951301881117e-07	2.074309109198141e-09	1.424258866925496e-06	2.5780853706471934e-11	1.9618950408370048e-11	1.5509403723686742e-08	5.335635032877239e-11	2.905728311308399e-07	0.0076394621041547	5.560947133797344e-07	7.929500818190772e-09
9392	24419	no	clade11sub34	0.0001206355451337	0.000113573402346	0.2300051963451742	0.0030129006048459	0.0311806981345294	0.024813753537259	0.0518969865233137	0.0045875016631967	6.707032616383808e-07	4.159251450919678e-06	0.0001056077155362	0.0050748798236899	4.875981851040915e-06	1.2113703043814344e-06	4.108345434258995e-05	0.0321367564821014	2.408090841709229e-06	0.595340663188181	0.0018512425636036	0.0005672387720629	0.0010289830270736	0.0016630316527762	2.9767006759102828e-05	0.0010230913161964	8.618464154308328e-05	0.0028043921444775	0.0120819562023905	2.0069239160939195e-05	4.308143001727543e-07	2.447793016934509e-06
9408	24263	no	clade11sub13subsub4	1.814543513270104e-06	8.005883260808222e-06	0.0354486225629599	0.0683276144167248	0.0131481643268826	0.5630474132560962	3.40385702670037e-05	0.0416293857195601	8.175616999833296e-08	2.4356638387510083e-05	0.0016684857407363	0.0001513888439896	3.6816964335193874e-06	1.6339444180764184e-08	7.03034007694479e-08	0.0004611452531716	4.250231387935993e-06	0.0001052398222195	1.869104428989117e-07	0.1902646110665098	1.4238885451599858e-06	0.0003102278473814	7.933698448326459e-07	2.923546142723684e-06	5.4115050753132606e-05	9.532857949987865e-05	1.6078728853722626e-06	6.752757231675828e-05	0.0848034723973554	8.37868519359888e-06
9479	24908	no	clade11sub34	2.2234592531450367e-10	4.479064356780276e-07	0.1793483671845003	0.004458399937773	0.0002440864514411	1.4001021640654031e-05	1.1849806195939338e-06	3.7395165025281895e-05	5.722657415722738e-09	0.0029495594638968	0.0534523673963116	0.0119955579513803	2.713988759118083e-07	1.9676782957177116e-08	8.248393783110245e-08	3.756915201957474e-07	3.153751531453979e-08	0.6888598857091184	0.0107133885092304	0.0045080786497645	8.59222787689811e-08	0.040298098545865	1.5915118529960308e-06	1.569112618942182e-07	4.335759142052123e-07	0.0010940479346218	0.0008229328598624	1.1055863187631348e-05	5.285412213233125e-08	0.0001184654119006
9480	24909	no	clade11sub6subsub6	0.0100048975224409	0.0001230640798372	1.399196711395813e-05	1.0773092580512423e-08	4.067125102449032e-05	0.0003544209132634	7.182578694689827e-05	1.0258760273831969e-07	2.251537829693742e-09	1.7585444004445733e-08	1.6477497252882557e-06	0.0001094671166345	8.934505716388787e-09	5.356044715046963e-09	5.031472865794315e-06	0.004338400526214	3.146872773527545e-11	2.454854072119159e-05	0.0002886140173275	1.2588924920535223e-06	0.9832283138872704	0.0005692971727046	0.0001308014259872	2.292961399865012e-05	1.5130385354338158e-05	0.0002952083011212	1.5150543790638524e-06	6.425446241652689e-07	1.2715273631982155e-10	7.796490099667158e-08
9481	24910	no	clade11sub6subsub7	1.380180908189269e-06	4.8647802297655405e-06	0.0006281766090111	4.392555534770538e-07	0.0002358264971686	0.0001006076541952	2.414291409189219e-05	0.0033611845854549	1.6991024916045116e-10	4.236201401039534e-09	6.309916857941133e-07	5.1106187479536265e-05	1.5300609223638776e-06	0.000110421456768	2.287888893368759e-06	1.713738649817572e-06	1.6948345127403985e-11	5.89293069624933e-06	9.541444247254322e-05	2.4749439732091827e-05	0.0019820446854515	0.9891890033912464	0.0002501521053345	4.0797493893078956e-07	1.356807503844854e-05	0.0006827051733694	0.0001943817561631	1.0450206810729197e-05	4.142589396149782e-09	0.0020812441956128
9483	24570	no	clade11sub6subsub9	0.0002248280891312	2.789539407157969e-05	0.0005208429828794	6.980948276123829e-07	0.0003549849720831	0.0004770231056245	0.0032120326676718	4.218972606217274e-07	1.0201198053448068e-07	1.5493716793029083e-08	7.961760042670456e-10	2.728009690935903e-05	1.0848617425534783e-06	7.733494056097876e-09	3.2736801897462176e-05	3.5418694737520715e-08	1.3402447251221142e-09	0.0001391313513744	0.0061154240224712	2.3632465643463242e-07	0.0395103808657791	6.537190110647544e-05	0.0382755384058116	0.8542665179676601	7.91856567661111e-06	0.0548474203255296	0.0013173177661497	8.324422730461062e-06	2.4359434473222468e-11	1.0345573331775857e-06
9498	24754	no	clade11sub13subsub4	3.2224866593548706e-05	0.0004185947514133	0.0001384450331455	0.0093294845731993	8.661353822986632e-05	0.9531462357808088	1.6558549831245874e-07	1.0358370335343783e-07	5.733480689109212e-07	0.0043806958008305	0.0294990966352543	7.894396057313242e-06	1.4823201817193816e-05	1.0692446011550156e-11	6.39202014225621e-07	7.295760056454517e-05	1.6053724521992057e-05	0.0001857010339643	1.0167110362422749e-06	0.0009479041026228	3.665170029550679e-05	1.4160500126950152e-05	8.784193621752139e-08	1.404811441399559e-06	4.345627481235341e-05	9.627716986223571e-05	5.281240174339121e-05	6.7699815060837e-05	0.000425459768779	6.520704680915829e-07
9519	24742	no	clade11sub8subsub8	8.607604967632161e-11	1.070696193617826e-08	0.0001050075575803	0.0015366191087854	4.506086841182386e-05	7.113811297952485e-05	1.2102365246080168e-08	8.860508239514573e-06	8.513779333808786e-11	1.357878450989972e-06	3.732789191130593e-07	1.1382281726843172e-08	7.367885599016322e-06	2.6031868143856903e-10	6.192083302462396e-10	5.554814399398123e-07	1.8248914964456978e-07	8.186014969285655e-07	1.5523099617183067e-08	4.738900109931078e-05	1.2786961676772244e-08	0.0002585688724457	3.936010933486645e-09	2.6584187608199445e-12	6.896284206644194e-08	7.248394785476322e-07	1.5559339385732988e-07	0.0008972336835357	0.9963532911455628	1.9502511827969554e-05
9526	24921	no	clade11sub6subsub7	8.370547052744227e-08	1.4123100582533956e-08	0.0002260722827088	8.277415971796275e-06	0.0032636712145553	3.139924708904809e-06	7.429055103788044e-06	0.1212017634499538	5.514881111113247e-10	4.355867895748945e-10	5.970577140711179e-09	7.283639567095205e-07	1.8878705176513863e-08	3.1940342031467005e-06	1.8870320320597728e-09	6.470253778382376e-09	2.9879225360925206e-11	2.652080687270785e-07	7.816677947488388e-06	2.0950106935061418e-07	0.0003590806555619	0.8615456504830397	7.038104186126068e-06	4.920413604253269e-09	1.684799712096026e-07	8.8333829857197e-06	1.3085672991895462e-05	1.020211935149081e-06	5.9278503041767176e-08	0.0132904991385483
9549	24284	no	clade11sub7subsub6	8.727262428392395e-06	0.0931104507203882	0.0005029975490279	2.724492335416016e-05	0.000403848296407	0.0194744506513067	1.5851867672407113e-05	1.9270197891484726e-06	0.0230508762711661	0.0003423032236107	3.607991322115574e-07	0.0003784488393361	0.0001260104084362	8.485029384577319e-09	0.3427161778828968	0.0065893268150193	8.936306761365774e-07	0.0001776494592193	0.0104651431021064	1.7482152449090244e-05	0.0017431620010483	1.262711089644728e-07	4.201780157876198e-05	0.0003444365345224	0.0956753906597313	0.3823734511473345	0.0007942387598984	4.323394912578358e-05	7.25859548692574e-13	1.973378138001956e-09
9550	24776	no	clade11sub8subsub0	1.562890591933846e-07	4.5766007674143895e-05	0.111737458649217	0.0034070899206075	0.011930011286868	0.0464972163244609	0.1015736391810449	0.0058951522877624	1.1887771243558809e-06	4.992223078266629e-06	1.2032999806996284e-07	1.2515814376118924e-05	0.0001291440569992	0.0002103763830938	0.0019810210921954	2.510970788604378e-07	6.156331146166971e-05	0.001450054941631	0.0054245718818182	1.1482091712697256e-05	6.485958435533041e-05	0.0002371109045243	0.0016468321561437	0.2527501727027271	0.0056084229308145	0.0906364513129908	0.3537563296964479	0.002660437486262	1.4688675190020366e-08	3.5830730849458e-06
9644	24753	no	clade10sub3subsub5-9	0.7288123588878989	0.0002284405211545	0.0033362729831934	0.0002106695033433	0.0174125662299955	0.0020414798797799	0.0002265985670449	1.75250382440974e-06	0.0008207206772642	1.0909966249977285e-07	2.582153607158567e-09	0.0189467786654802	0.0126790026602101	5.095632796485255e-12	0.0004484085840745	4.961653098415101e-05	0.0003653681920645	0.0081653881373562	0.001139229965365	0.0084010580789079	2.5671201517996265e-05	1.1892450895513693e-05	0.0001884252734913	0.1738924192298634	2.916848543445172e-06	0.0030976178472254	0.0002604537489796	2.261963190406733e-05	1.2530210088919426e-08	1.6026657073339708e-06
9692	25271	no	clade11sub6subsub6	1.0977672680475152e-05	1.18478868486197e-06	0.0004961196639852	5.853789561666614e-07	0.0020890706870613	0.0001283977791543	0.1027619454175735	3.160914111365395e-05	6.765875030491562e-09	2.546854512800397e-09	6.517037767943732e-10	7.988774945756218e-07	1.2942366565712587e-09	3.422256406977422e-09	1.0600806320188582e-08	1.6501328366848205e-08	7.414142394638272e-12	9.913682014568616e-08	0.0006892203274092	1.3009974636228866e-07	0.8914478892003318	3.571558748798476e-06	0.0019029605622084	0.0003200126789499	2.0140607310160178e-07	7.504987902407196e-05	8.293647438639102e-07	2.0308576763466185e-07	1.019173811088463e-12	1.7204403727810306e-08
11462	8008	no	clade11sub8subsub1-4	4.450258125759367e-12	5.3012345652469975e-08	0.0030089541904818	0.001600160202131	0.0002392564388439	9.577014980189486e-05	3.7194934091473096e-10	5.22548802333513e-08	1.5256863619170142e-10	1.6012054067016412e-08	6.74843506486734e-11	7.475860178264036e-09	0.0004038560772599	9.307183332015083e-09	4.484258016525681e-07	7.369543798354473e-05	3.224994211256552e-07	7.536714911688416e-09	1.0581539548218501e-07	2.165231545992377e-06	3.4864818632424534e-08	4.1775416983274685e-08	4.3828569105303584e-09	3.4749522832321007e-10	4.0568430663351597e-07	6.7466700844980065e-09	2.864512235964248e-06	0.9944720886175428	4.643472923096284e-05	2.8720529295078955e-10
11464	8196	no	clade11sub8subsub1-4	9.015968228770486e-16	1.3200598232624914e-10	0.0002935025924933	2.7278244505764584e-06	1.8548734138423472e-08	3.941628406121988e-06	2.0933632707659765e-14	9.11447422420374e-16	9.058470617544577e-13	3.55168730477388e-07	3.118289010623392e-08	5.2128925914635126e-08	9.082551923143788e-06	1.0416724450570931e-14	2.383434559807365e-12	2.8899246853364785e-14	6.909117433194978e-13	9.00150798287236e-09	8.892343886304975e-06	1.310707725510067e-06	7.465226863141446e-10	1.506991666515981e-10	7.35451626660619e-11	7.673847066591651e-15	2.752847517640765e-12	8.336257868248899e-10	1.0976896046839304e-08	0.9996796424655064	2.0972639704081586e-12	2.3927331476892407e-10
