label_id	anchor_x	anchor_y	anchor_z	bb_min_x	bb_min_y	bb_min_z	bb_max_x	bb_max_y	bb_max_z	n_points	in_platybrowser_0_1	origin_dir
1	183.59	182.05	32.62	32.62	165.33	175.20	48.60	182.05	184.83	199	0	david
2	199.50	160.04	33.98	31.79	135.10	133.31	108.67	179.27	199.50	1211	0	commissural
3	199.63	159.69	34.00	21.02	76.89	79.60	254.17	204.11	223.12	46493	0	david
4	194.24	165.96	34.08	33.11	146.37	183.34	55.68	165.96	194.24	181	0	commissural
5	202.08	167.64	34.80	34.80	164.07	180.48	45.01	185.01	203.00	466	0	commissural
6	197.09	167.22	35.42	35.42	120.09	157.01	93.71	167.22	197.11	525	0	commissural
7	204.94	159.71	35.73	35.73	158.86	191.58	44.51	173.47	204.94	277	0	commissural
8	190.52	161.25	36.15	36.15	151.38	184.60	50.84	161.68	190.52	105	0	commissural
9	198.19	163.22	36.75	36.75	162.03	190.12	38.13	164.01	198.19	23	0	david
10	212.09	158.49	37.05	36.51	153.74	167.61	78.03	204.15	220.32	944	0	commissural
11	193.29	160.39	37.85	37.85	151.16	184.88	51.74	161.09	193.29	124	0	commissural
12	197.66	159.43	38.05	38.05	155.75	186.99	52.68	159.43	197.66	65	0	commissural
13	171.43	172.35	40.23	39.70	172.27	171.43	46.42	179.66	190.54	342	0	commissural
14	199.29	160.57	40.50	40.42	149.07	189.39	57.02	160.57	199.30	149	0	commissural
15	200.54	156.00	40.98	35.23	156.00	190.64	43.90	173.03	202.25	135	0	commissural
16	128.44	144.00	81.67	81.67	136.13	128.44	127.65	151.48	141.35	252	0	david
17	132.59	144.73	81.67	81.67	126.47	131.12	102.67	150.28	144.96	160	0	david
18	129.25	148.95	81.67	81.67	127.35	126.19	134.95	155.77	147.19	390	0	david
19	132.55	147.56	84.30	84.30	144.68	132.03	102.99	149.08	139.57	30	0	david
20	142.76	119.00	84.78	84.78	118.39	142.76	96.59	127.71	157.92	123	0	commissural
21	129.02	150.64	84.90	84.90	128.67	124.91	150.44	150.76	139.36	305	0	david
22	152.34	119.57	85.00	85.00	118.19	135.68	138.79	127.75	157.75	155	0	david
23	155.51	114.72	87.53	87.53	110.70	130.95	165.11	127.46	158.85	248	0	david
24	153.21	122.60	88.28	88.28	118.90	143.79	109.89	124.67	156.15	53	0	mouse
25	155.14	117.16	88.80	71.16	117.16	155.14	93.39	124.99	166.36	66	0	david
26	153.21	122.64	88.98	88.98	94.60	120.69	208.71	124.75	155.83	253	0	david
27	150.49	115.05	89.22	89.22	102.85	123.04	186.14	124.98	159.45	229	0	david
28	127.12	154.12	90.92	90.92	154.12	127.12	96.43	160.98	129.35	11	0	mouse
29	154.13	118.16	91.67	72.20	118.16	152.77	99.27	125.82	165.89	102	0	david
30	133.15	133.33	95.42	95.42	132.29	130.20	105.40	150.36	136.16	139	0	david
31	133.48	133.51	95.42	95.38	105.63	122.62	182.66	144.71	146.36	469	0	commissural
32	138.68	130.50	99.05	43.56	122.39	129.36	111.47	145.46	167.19	907	0	david
33	138.05	131.49	99.20	94.88	125.68	130.15	144.90	140.51	143.46	426	0	commissural
34	138.40	131.39	99.45	83.77	127.50	124.66	101.82	148.01	155.19	360	0	commissural
35	150.23	111.41	99.55	99.10	111.24	119.29	162.89	120.08	150.36	181	0	david
36	138.32	131.23	99.55	63.83	118.68	123.67	101.80	149.53	176.53	650	0	commissural
37	138.49	131.53	99.55	88.72	112.85	138.10	103.08	153.91	154.44	425	0	commissural
38	138.01	131.65	100.03	98.42	127.58	135.30	111.12	155.69	147.95	241	0	commissural
39	138.23	132.19	100.03	40.45	127.60	134.20	101.80	160.59	152.50	542	0	david
40	138.71	131.31	101.03	53.48	122.22	136.09	126.33	148.45	166.53	582	0	commissural
41	138.50	131.82	101.03	94.53	111.97	137.14	101.35	144.43	155.15	254	0	commissural
42	138.20	134.69	101.08	40.45	127.60	134.20	102.32	160.59	152.50	468	0	commissural
43	138.36	131.11	101.08	87.86	103.35	120.93	206.57	147.27	147.40	769	0	david
44	138.11	131.35	101.48	58.27	118.03	133.44	103.75	188.87	213.74	790	0	commissural
45	138.76	132.39	102.83	73.40	113.55	134.58	105.98	163.11	157.83	390	0	commissural
46	144.87	105.03	108.75	108.75	105.03	111.01	123.32	145.15	144.87	167	0	david
47	133.93	130.32	131.19	101.70	113.06	132.84	131.19	158.51	154.63	414	0	commissural
48	135.51	126.75	133.38	116.02	112.14	122.80	136.98	145.74	150.80	422	1	commissural
49	135.06	127.42	133.59	112.80	96.20	115.56	135.86	141.52	149.41	195	1	commissural
50	135.04	127.02	133.69	129.94	80.94	120.16	151.78	143.29	144.73	219	1	commissural
51	135.01	127.05	134.04	128.18	107.02	126.19	137.59	136.43	152.39	138	1	commissural
52	135.06	127.57	134.24	134.04	110.18	129.80	141.91	131.84	152.45	90	1	commissural
53	135.06	127.46	134.49	132.38	109.60	122.33	135.24	129.12	139.04	61	1	commissural
54	134.80	127.17	134.54	133.94	110.63	98.39	155.28	138.67	149.39	116	1	commissural
55	135.24	127.47	134.69	130.34	113.61	132.67	143.36	130.15	148.33	80	1	commissural
56	135.66	126.34	135.29	131.28	105.09	126.09	156.09	139.48	155.84	191	1	commissural
57	135.32	126.78	135.83	125.77	96.84	113.03	193.62	146.38	147.88	832	1	commissural
58	135.37	126.28	135.99	127.68	117.22	106.71	136.44	146.55	137.44	163	1	david
59	135.41	126.92	136.04	134.54	125.70	120.62	143.03	146.36	136.46	73	1	commissural
60	135.11	126.30	136.09	136.09	115.92	108.92	148.75	133.64	139.23	137	1	david
61	135.35	126.64	136.09	132.17	108.35	125.80	143.48	140.68	156.90	129	1	commissural
62	135.60	126.67	136.29	136.19	118.60	113.83	156.27	143.60	141.85	168	1	commissural
63	135.54	126.73	136.44	135.19	107.12	116.05	148.89	146.44	146.75	172	1	commissural
64	135.51	126.17	136.99	135.41	112.22	124.45	144.35	144.09	146.70	139	1	commissural
65	135.85	126.57	137.19	120.01	119.39	114.04	139.67	145.19	145.55	182	1	commissural
66	135.37	126.24	137.29	132.81	115.60	130.93	138.62	132.24	141.62	107	1	commissural
67	135.39	124.93	139.04	133.87	100.20	134.36	140.16	128.23	154.65	112	1	commissural
68	132.41	127.56	140.62	140.17	108.02	127.79	146.74	133.22	154.16	77	1	commissural
69	132.82	125.84	140.69	120.77	118.48	114.01	145.03	145.44	138.99	138	1	commissural
70	134.60	125.77	140.74	139.84	122.03	134.06	149.92	129.05	139.31	54	1	commissural
71	134.33	125.88	140.74	135.95	123.59	113.15	143.11	130.70	136.70	64	1	david
72	132.81	127.85	140.97	138.17	126.44	132.10	143.00	129.17	132.94	26	0	david
73	132.43	125.21	140.99	101.93	113.50	121.26	159.96	140.31	135.69	193	1	commissural
74	134.46	125.59	140.99	135.47	123.72	113.09	143.21	130.69	134.46	81	1	commissural
75	132.75	124.87	141.04	116.17	113.56	116.90	157.65	140.24	134.41	167	1	commissural
76	133.32	125.81	141.04	124.35	85.37	116.48	154.14	130.91	142.11	193	1	commissural
77	133.64	126.42	141.04	141.04	119.88	122.43	147.06	152.57	140.23	119	1	david
78	134.43	126.45	141.04	132.95	115.43	131.85	146.17	130.66	145.48	127	1	commissural
79	132.80	124.69	141.22	128.39	100.56	131.31	143.38	126.62	149.22	173	1	commissural
80	134.59	125.45	141.29	138.16	122.19	107.64	145.82	130.53	139.02	92	1	commissural
81	133.57	125.18	141.51	110.67	112.69	124.16	144.65	145.79	152.04	360	1	commissural
82	131.64	125.19	141.54	108.52	108.38	131.17	142.03	127.93	152.32	202	1	commissural
83	133.13	125.45	141.56	133.22	110.26	114.00	179.98	129.57	154.45	218	1	commissural
84	132.83	124.34	141.84	133.59	117.47	117.94	168.72	130.77	134.23	129	1	commissural
85	131.42	125.57	141.84	135.95	122.91	110.44	152.97	132.97	137.26	97	1	commissural
86	133.35	125.39	141.86	135.73	98.19	132.92	142.11	126.78	145.99	106	1	commissural
87	131.75	125.00	141.99	98.38	107.00	119.91	144.66	154.64	137.12	206	1	commissural
88	132.40	124.02	142.19	137.29	93.59	123.31	157.71	130.63	150.10	152	1	commissural
89	131.83	124.58	142.22	137.78	93.45	117.97	152.39	133.86	137.08	185	1	commissural
90	133.20	125.44	142.26	141.78	124.18	126.47	143.72	133.50	134.49	53	1	david
91	132.97	125.33	142.31	134.67	104.00	114.36	154.46	136.48	141.82	247	1	commissural
92	131.60	125.13	142.34	107.52	109.97	102.37	151.91	133.53	150.92	255	1	commissural
93	133.18	124.95	142.41	138.30	88.63	122.18	152.99	133.61	144.32	318	1	commissural
94	133.26	124.73	142.43	141.45	123.92	132.89	143.00	124.86	135.43	17	1	commissural
95	132.35	125.46	142.56	136.38	115.40	130.51	144.94	128.37	144.62	88	1	david
96	134.49	124.18	142.61	129.97	87.95	126.29	153.11	131.08	144.15	281	1	commissural
97	132.84	125.69	142.75	142.54	123.38	100.64	154.76	138.38	139.90	167	1	commissural
98	133.64	124.52	142.86	136.22	98.61	99.94	154.54	138.21	140.75	267	1	commissural
99	133.12	125.48	143.00	131.13	111.03	123.25	148.02	135.44	139.30	156	1	commissural
100	131.32	125.21	143.07	140.72	88.09	128.38	159.45	126.98	142.14	127	1	commissural
101	133.10	125.14	143.16	142.91	124.00	132.68	143.56	125.67	133.43	18	0	david
102	132.69	125.19	143.30	135.24	103.53	125.87	151.20	130.85	142.34	146	1	commissural
103	132.36	124.86	143.37	137.69	113.85	126.89	146.20	128.94	150.80	132	1	commissural
104	132.42	125.49	143.45	137.81	88.89	110.54	154.29	136.51	140.26	184	1	commissural
105	132.54	125.27	143.55	137.15	111.77	131.99	145.15	126.83	138.97	96	1	commissural
106	132.13	124.21	143.66	112.71	116.71	130.26	143.76	125.11	140.51	137	1	commissural
107	148.78	91.64	143.75	143.75	81.14	133.54	146.21	91.64	148.79	62	0	commissural
108	142.91	92.09	143.75	143.75	79.12	133.61	149.78	92.09	146.34	131	0	commissural
109	145.19	94.96	143.75	143.75	94.96	134.31	152.66	124.07	145.19	205	0	commissural
110	141.77	95.79	143.75	143.75	95.79	141.73	149.74	104.61	142.66	37	0	commissural
111	147.43	97.66	143.75	143.75	97.66	103.52	217.73	126.36	148.04	661	0	commissural
112	138.72	98.70	143.80	143.80	98.70	131.01	154.92	113.18	138.72	130	0	commissural
113	132.31	123.61	143.94	122.29	115.82	113.83	158.04	152.95	140.05	371	1	commissural
114	132.58	123.69	144.01	125.51	113.86	123.76	150.68	148.78	148.11	265	1	commissural
115	132.45	123.99	144.04	129.82	119.60	122.64	146.27	147.07	137.21	139	1	commissural
116	132.86	123.85	144.14	141.47	123.21	132.58	144.29	125.42	134.89	27	0	david
117	151.48	96.53	144.22	144.22	96.53	123.47	173.29	103.29	151.48	334	0	commissural
118	104.59	135.66	144.22	144.22	115.29	104.59	178.09	137.20	127.16	167	0	david
119	131.25	122.62	144.26	110.71	114.79	118.67	145.71	138.26	150.02	258	1	commissural
120	132.10	122.49	144.86	133.51	114.25	124.78	145.91	142.71	147.74	134	1	commissural
121	132.12	123.26	145.36	107.85	121.61	125.92	147.20	134.90	134.49	189	1	commissural
122	130.93	124.06	145.38	131.72	122.10	117.57	146.33	139.02	131.95	143	0	commissural
123	131.95	122.75	145.51	142.06	122.53	124.97	146.32	142.28	133.85	80	1	commissural
124	132.16	122.89	145.66	140.91	114.08	130.11	146.86	129.34	150.92	106	1	david
125	132.19	122.73	145.91	135.37	122.19	121.62	163.02	148.18	136.46	169	1	commissural
126	131.78	121.76	146.06	132.48	107.53	118.12	152.73	137.10	133.34	167	1	commissural
127	131.74	123.14	146.06	136.59	104.14	100.17	156.25	136.24	142.35	218	1	commissural
128	147.38	93.65	146.20	143.74	93.65	136.08	150.82	109.92	147.55	91	0	commissural
129	144.09	96.43	146.20	139.98	95.41	137.09	150.82	111.23	144.11	207	0	commissural
130	147.01	98.36	146.44	146.44	90.45	109.76	231.24	121.05	147.01	487	0	commissural
131	129.73	122.98	146.66	83.10	115.41	112.96	155.92	152.48	158.42	718	1	commissural
132	129.34	122.51	146.81	99.41	119.62	128.49	151.18	129.92	146.19	220	0	commissural
133	130.07	121.81	146.84	146.54	115.06	126.27	150.04	122.65	131.22	42	1	commissural
134	129.99	122.14	146.89	146.27	108.97	127.65	147.92	131.28	149.06	112	1	commissural
135	130.29	122.25	146.89	143.97	109.00	129.88	148.98	127.44	148.51	132	1	commissural
136	130.34	122.46	147.09	146.30	118.06	121.71	148.76	141.50	137.92	109	1	commissural
137	130.76	122.40	147.34	141.31	119.45	124.03	151.52	137.01	136.86	128	1	commissural
138	129.93	122.54	147.41	111.20	97.72	124.45	148.05	150.28	146.79	359	1	commissural
139	130.67	122.17	147.44	141.44	114.71	120.76	151.20	141.60	144.04	181	1	commissural
140	105.40	139.77	147.47	134.66	132.21	105.21	153.64	140.36	121.85	61	0	david
141	128.23	121.53	147.81	146.79	93.23	116.76	159.55	129.83	147.60	310	1	commissural
142	133.10	111.78	147.86	81.26	49.94	90.61	234.18	158.26	153.16	1669	0	david
143	129.09	121.25	148.15	105.66	96.16	116.97	199.45	150.56	133.11	593	1	commissural
144	129.02	122.66	148.20	148.20	84.53	129.02	155.50	122.66	140.19	200	1	david
145	129.19	122.45	148.29	138.71	71.49	118.45	167.91	130.20	158.83	526	1	commissural
146	129.12	121.60	148.34	81.26	49.94	90.61	234.18	158.26	153.16	1971	1	david
147	128.83	121.72	148.52	141.33	104.35	111.84	222.20	134.55	135.83	590	1	david
148	141.18	98.25	148.60	142.71	98.25	133.92	149.62	110.71	141.18	163	0	commissural
149	129.09	122.02	148.76	139.84	97.01	110.98	157.46	137.15	139.26	486	1	commissural
150	128.76	122.03	148.76	110.94	101.14	121.23	151.26	127.76	155.72	539	1	commissural
151	128.48	122.02	148.77	139.00	110.05	107.10	153.07	140.82	140.19	219	1	commissural
152	129.13	122.33	148.81	136.10	79.60	113.25	180.88	128.22	214.44	955	1	david
153	128.48	121.77	148.85	100.68	116.85	108.33	164.46	149.96	145.13	339	1	commissural
154	128.87	122.54	148.92	137.48	79.12	113.38	182.92	129.99	138.92	415	1	commissural
155	129.21	121.47	148.94	137.89	101.07	89.96	162.87	154.26	135.86	537	1	commissural
156	129.49	121.82	149.16	143.48	116.47	114.22	151.61	129.10	139.21	154	1	commissural
157	129.12	122.08	149.21	136.40	106.01	124.35	153.19	128.80	136.65	143	1	commissural
158	129.46	122.25	149.21	148.86	109.03	91.49	168.00	153.55	135.82	340	1	commissural
159	129.41	119.41	149.32	149.12	103.75	114.53	159.62	120.37	129.41	95	0	david
160	129.29	121.81	149.46	139.89	110.21	115.20	214.25	128.12	136.62	402	1	commissural
161	128.91	120.60	149.51	140.61	70.70	116.96	176.34	125.60	187.35	1071	1	commissural
162	129.10	120.38	149.56	149.12	103.75	113.67	159.62	120.60	129.53	103	1	david
163	128.94	120.74	149.81	75.04	106.90	118.32	156.11	158.11	139.51	581	1	commissural
164	116.16	146.38	149.88	146.42	134.16	113.80	149.88	146.38	116.59	32	0	commissural
165	138.66	117.26	150.16	136.10	79.60	113.25	180.88	125.18	214.44	682	0	david
166	128.72	121.28	150.16	132.35	98.18	119.30	150.66	122.60	129.06	109	0	commissural
167	129.28	119.93	150.21	139.17	99.25	125.49	152.85	123.69	131.26	164	1	commissural
168	139.49	93.87	151.01	136.10	79.60	119.78	163.30	127.15	215.25	864	1	commissural
169	125.80	125.37	151.84	93.99	119.33	119.63	163.46	141.91	138.32	197	0	commissural
170	127.76	119.69	151.93	88.56	115.34	114.53	156.79	126.73	157.94	441	1	commissural
171	125.59	117.89	152.33	97.55	105.22	106.01	204.60	131.02	164.23	738	1	commissural
172	125.86	118.46	152.33	110.74	107.58	121.05	155.38	148.28	155.35	381	1	commissural
173	125.69	118.17	152.38	95.92	90.16	115.45	220.25	156.84	136.55	1048	1	commissural
174	125.83	118.69	152.43	99.34	97.83	125.35	152.69	137.30	152.57	517	1	commissural
175	126.39	118.82	152.53	132.95	118.73	103.59	157.78	151.73	133.00	539	1	commissural
176	125.39	117.48	152.83	148.29	102.20	114.54	202.44	122.80	133.82	598	1	commissural
177	106.54	116.80	152.85	152.85	116.79	106.54	157.72	126.83	125.89	49	0	david
178	105.66	111.14	152.95	152.95	111.14	105.65	158.45	124.33	123.14	44	0	david
179	124.23	117.65	154.15	78.86	111.43	123.48	155.33	154.33	133.96	528	1	commissural
180	123.66	116.58	154.43	96.24	110.02	102.90	158.73	123.29	165.94	571	1	david
181	125.07	116.51	154.61	149.29	93.89	123.93	159.52	126.65	137.62	171	1	commissural
182	124.78	116.14	154.86	106.29	114.69	111.22	165.22	142.55	141.93	331	1	commissural
183	124.63	117.61	154.93	141.46	71.35	107.35	180.65	126.55	214.15	874	1	commissural
184	124.39	117.27	155.10	150.12	97.37	120.18	163.74	126.53	145.84	131	1	commissural
185	125.48	116.44	155.13	129.79	96.40	120.29	159.82	135.54	139.45	304	1	david
186	124.87	116.53	155.13	151.31	100.08	118.09	161.55	131.47	140.70	180	1	commissural
187	124.35	117.59	155.15	133.86	110.32	115.19	185.38	131.16	134.41	462	1	commissural
188	123.95	116.86	155.20	105.07	104.93	106.90	163.54	123.26	149.07	514	1	commissural
189	124.13	116.99	155.20	150.54	105.88	111.38	171.83	131.95	134.94	323	1	commissural
190	124.64	116.39	155.21	144.62	112.53	109.76	160.18	124.00	139.83	230	1	commissural
191	104.31	114.31	155.60	155.60	112.07	104.31	180.04	121.58	122.22	105	0	david
192	124.12	117.64	155.78	150.94	95.76	115.86	160.58	137.08	136.56	259	1	commissural
193	123.23	116.49	155.85	94.48	113.63	121.12	157.06	140.74	138.35	285	0	commissural
194	124.43	117.82	155.88	109.36	108.99	118.79	157.48	132.32	133.32	439	1	commissural
195	125.36	132.11	155.94	108.00	108.82	111.84	222.20	146.39	139.74	701	0	commissural
196	124.34	116.62	156.13	148.78	108.26	114.03	197.57	120.20	130.65	379	1	commissural
197	125.10	117.15	156.26	141.09	110.80	109.78	160.06	124.76	140.05	239	1	commissural
198	125.23	115.22	156.61	151.52	109.00	121.37	157.06	117.54	129.65	72	1	commissural
199	125.15	117.08	156.63	154.19	97.51	122.69	159.76	120.28	132.19	170	1	commissural
200	125.52	114.84	156.76	143.68	108.78	108.73	157.06	118.24	142.65	185	1	commissural
201	122.93	115.17	157.46	101.78	110.61	117.98	158.16	126.28	154.78	492	1	commissural
202	123.07	115.42	157.56	103.30	110.20	102.30	166.06	137.10	160.21	525	1	commissural
203	120.29	106.72	157.62	150.23	70.33	119.12	161.38	113.21	167.45	315	0	commissural
204	109.94	104.76	157.67	157.67	104.76	109.62	163.67	114.65	123.12	43	0	commissural
205	122.42	115.78	157.81	141.52	106.30	102.33	179.71	128.09	130.36	280	1	commissural
206	123.36	115.83	157.83	148.94	113.83	121.83	158.20	130.81	131.24	167	1	commissural
207	123.39	116.11	157.86	145.71	108.22	111.24	166.83	122.84	137.47	226	1	commissural
208	123.66	116.36	158.06	157.37	92.13	119.01	167.00	123.79	144.59	165	1	commissural
209	123.00	116.76	158.23	146.22	105.04	101.20	162.14	126.71	139.73	237	1	commissural
210	133.28	102.86	158.61	158.61	49.94	118.04	234.18	103.87	153.16	776	0	david
211	122.70	116.15	158.88	108.61	103.35	120.20	161.59	151.03	134.36	562	1	david
212	212.72	121.54	158.96	143.87	107.54	200.49	180.95	125.18	214.44	357	1	commissural
213	122.73	116.24	159.13	140.64	107.34	104.52	213.36	126.19	137.10	451	1	commissural
214	122.08	116.28	159.73	152.61	105.18	117.66	160.41	132.71	144.94	203	1	david
215	122.10	115.61	159.78	145.11	107.78	115.28	164.44	142.84	144.97	406	1	commissural
216	123.43	114.55	160.46	149.49	73.30	108.42	160.51	128.79	150.13	450	1	commissural
217	130.85	91.57	160.65	158.12	89.49	129.36	170.95	102.35	137.91	40	0	commissural
218	122.30	115.16	160.88	111.15	109.66	85.77	192.40	132.58	142.48	702	1	commissural
219	122.87	114.38	161.18	107.64	101.86	118.14	166.82	144.48	148.50	548	1	david
220	155.90	71.83	161.39	150.97	70.35	147.90	176.49	84.26	193.70	348	0	commissural
221	105.02	128.92	163.53	104.26	123.84	105.02	164.78	144.97	131.81	177	0	commissural
222	109.21	128.98	163.53	161.34	122.14	109.21	168.52	131.38	120.12	88	0	commissural
223	130.21	102.68	164.89	164.89	49.94	118.04	234.18	102.76	153.16	703	0	commissural
224	119.76	113.42	166.05	117.44	107.91	105.82	215.85	130.08	151.16	710	1	david
225	120.04	113.89	166.09	151.39	80.37	117.36	177.67	124.73	128.55	354	1	commissural
226	120.49	112.53	166.15	152.64	102.42	110.34	218.16	121.78	129.40	352	1	commissural
227	120.49	111.44	166.47	164.03	87.16	111.30	223.88	112.83	145.50	315	1	david
228	107.15	132.82	166.58	165.35	127.84	101.87	166.58	132.83	109.82	12	0	commissural
229	118.45	113.71	166.76	104.50	93.89	113.94	174.61	151.76	134.87	553	1	commissural
230	120.71	113.18	166.82	155.58	99.70	101.40	172.43	128.34	129.46	327	1	commissural
231	122.36	111.34	166.88	149.33	106.62	106.29	167.85	131.61	137.13	326	1	commissural
232	122.15	112.09	166.97	158.59	75.87	109.80	178.85	146.32	136.23	683	1	commissural
233	131.75	89.52	167.00	166.75	88.74	130.41	168.65	90.76	137.28	29	0	commissural
234	122.20	111.75	167.04	165.36	101.30	100.59	171.57	123.04	132.79	318	1	david
235	123.18	110.71	167.08	162.17	95.46	115.16	171.37	124.90	128.34	242	1	commissural
236	131.48	89.06	167.13	164.00	87.27	126.86	175.90	110.08	138.34	160	0	commissural
237	121.34	113.61	167.14	144.78	97.23	119.97	168.51	114.26	135.34	219	1	commissural
238	131.72	89.14	167.22	166.27	85.78	103.14	185.34	122.93	147.83	363	0	david
239	122.05	113.45	167.52	153.08	109.35	118.79	188.25	118.43	127.59	135	1	commissural
240	121.74	113.38	167.53	160.45	76.53	105.92	175.60	132.52	135.19	339	1	david
241	121.33	113.17	167.68	160.05	89.88	112.34	169.45	128.64	131.80	381	1	commissural
242	121.39	110.64	168.47	165.85	94.84	93.62	195.24	125.87	126.91	386	1	commissural
243	121.20	111.52	168.52	105.74	101.22	104.69	175.72	125.29	160.38	548	1	commissural
244	121.17	110.59	168.73	149.65	75.61	101.25	173.19	121.45	149.92	358	1	commissural
245	120.50	111.88	168.78	164.47	96.92	107.52	209.18	126.12	127.31	703	1	david
246	121.15	112.03	168.82	112.34	100.72	109.97	173.85	143.82	144.13	526	1	commissural
247	121.86	111.64	168.93	99.72	96.00	100.59	173.30	127.31	164.26	687	1	commissural
248	120.34	112.07	168.97	153.49	93.99	113.20	171.21	130.14	142.35	301	1	commissural
249	119.95	112.06	169.03	100.60	102.70	104.79	178.59	121.29	156.56	706	1	commissural
250	120.83	111.56	169.23	87.66	96.88	113.12	169.98	154.13	134.22	610	1	commissural
251	119.67	112.54	169.28	165.90	104.47	96.90	174.99	121.93	132.27	234	1	commissural
252	121.28	112.01	169.32	142.98	109.84	91.88	204.39	149.86	123.99	627	1	david
253	119.58	111.77	169.38	104.81	94.66	89.85	170.32	157.80	128.76	884	1	commissural
254	119.88	112.55	169.57	56.48	96.74	113.51	170.12	176.71	142.52	594	1	commissural
255	108.38	143.86	169.66	155.30	115.69	108.38	169.66	143.86	126.94	80	0	commissural
256	120.13	113.14	169.70	167.76	97.79	105.26	190.34	122.78	126.97	275	1	commissural
257	120.90	111.47	169.72	109.60	106.27	100.41	187.08	125.00	154.94	411	1	commissural
258	106.18	138.16	169.75	145.88	121.03	106.13	170.07	138.16	129.53	103	0	commissural
259	120.86	111.78	169.88	166.25	85.89	120.86	175.50	111.78	148.00	216	1	commissural
260	126.28	103.89	171.81	164.47	96.92	111.92	178.42	103.89	127.31	155	0	david
261	125.27	102.85	173.54	173.54	102.58	103.14	185.34	122.93	125.27	199	0	commissural
262	117.50	111.59	179.51	165.05	97.16	114.92	180.61	113.77	126.42	156	0	commissural
263	116.84	111.55	179.56	173.96	93.72	89.30	195.88	157.27	127.58	252	0	commissural
264	116.93	112.27	179.66	164.41	97.13	89.44	184.26	170.95	126.43	453	0	commissural
265	118.43	110.60	179.74	173.59	76.20	104.15	181.51	117.77	140.55	298	0	commissural
266	112.01	96.36	180.20	180.20	69.93	112.01	227.93	105.02	127.02	435	0	commissural
267	101.88	108.18	181.88	180.72	108.18	101.88	186.15	118.73	116.08	119	0	commissural
268	117.65	111.12	182.21	182.14	97.37	98.34	187.76	120.46	126.50	210	0	commissural
269	108.97	115.69	184.21	142.98	111.66	91.88	211.47	149.86	123.81	468	0	commissural
270	118.19	109.30	184.24	103.26	100.57	111.93	220.99	141.57	137.08	583	0	commissural
271	116.88	110.22	197.20	197.20	104.70	112.44	218.20	110.30	116.88	130	0	commissural
272	119.68	106.14	199.45	163.52	84.37	109.84	200.48	122.71	123.63	292	0	david
273	90.87	105.85	201.10	201.10	105.85	90.87	206.90	118.29	117.21	49	0	david
274	101.78	83.21	205.55	205.55	83.21	101.78	210.80	99.14	119.97	44	0	david
275	89.40	98.59	206.28	205.60	92.11	89.40	212.50	103.01	105.24	17	0	david
276	96.53	94.94	207.51	207.51	94.94	96.53	214.49	104.69	115.54	26	0	david
277	97.03	94.75	208.03	157.78	77.77	97.03	208.03	105.52	128.11	109	0	david
278	100.31	82.00	208.43	205.00	78.80	98.75	211.15	85.97	105.42	22	0	david
279	104.39	80.23	209.90	209.90	80.23	104.39	214.71	104.84	123.18	64	0	david
280	91.03	96.91	211.20	157.78	77.77	87.24	216.53	105.52	128.11	124	0	david
281	108.52	78.39	238.50	231.07	78.39	102.86	239.21	96.66	111.93	52	0	david
282	115.13	78.00	241.22	228.37	78.00	103.35	241.22	100.18	115.13	56	0	david
283	111.76	73.96	241.35	241.35	73.96	111.76	241.35	81.54	117.91	13	0	david
284	96.23	95.14	243.12	236.13	88.23	96.23	243.12	95.14	108.29	28	0	david
