label_id	first_node_zyx_nm	n_nodes	nmx_in_traces	nmx_in_data	cell_group_dir	min_dist_nucleus_um	closest_nucleus_id	in_platybrowser_0_1
1	32625|182051|183594	199	david/Common/PyKnossos/Tracing/Nk6_all/Nk6.033.nmx	data/Projects/Common/PyKnossos/Tracing/Nk6_all/Nk6.033.nmx	david	25.72	282	0
2	33975|160039|199496	1211	commissural/all/comm_sec_seg.nmx	data/data_Tracing/commissural/all/comm_sec_seg.nmx	commissural	3.50	7460	0
3	34000|159690|199630	46493	david/1_Commissures/Tracing/old versions and back-ups/TestTracings/E025_Platy1607_prim20180315_seed0001.401.nmx	data/Projects/1_Commissures/Tracing/old versions and back-ups/TestTracings/E025_Platy1607_prim20180315_seed0001.401.nmx	david	0.13	6096	0
4	34075.6|165960|194238	181	commissural/all/comm_sec_seg.nmx	data/data_Tracing/commissural/all/comm_sec_seg.nmx	commissural	32.17	9368	0
5	34800|167637|202079	466	commissural/all/comm_sec_seg.nmx	data/data_Tracing/commissural/all/comm_sec_seg.nmx	commissural	25.73	282	0
6	35425|167223|197086	525	commissural/all/comm_sec_seg.nmx	data/data_Tracing/commissural/all/comm_sec_seg.nmx	commissural	3.28	8236	0
7	35725|159707|204937	277	commissural/all/comm_sec_seg.nmx	data/data_Tracing/commissural/all/comm_sec_seg.nmx	commissural	36.64	10710	0
8	36150|161253|190524	105	commissural/all/comm_sec_seg.nmx	data/data_Tracing/commissural/all/comm_sec_seg.nmx	commissural	36.20	9023	0
9	36750|163221|198193	23	david/Common/PyKnossos/Tracing/Nk6_all/Nk6.119.nmx	data/Projects/Common/PyKnossos/Tracing/Nk6_all/Nk6.119.nmx	david	44.15	10710	0
10	37046.4|158494|212092	944	commissural/all/comm_sec_seg.nmx	data/data_Tracing/commissural/all/comm_sec_seg.nmx	commissural	4.35	8922	0
11	37850|160394|193289	124	commissural/all/comm_sec_seg.nmx	data/data_Tracing/commissural/all/comm_sec_seg.nmx	commissural	35.57	9023	0
12	38050|159426|197658	65	commissural/all/comm_sec_seg.nmx	data/data_Tracing/commissural/all/comm_sec_seg.nmx	commissural	33.92	300	0
13	40225|172355|171428	342	commissural/all/comm_sec_seg.nmx	data/data_Tracing/commissural/all/comm_sec_seg.nmx	commissural	26.99	282	0
14	40500|160569|199295	149	commissural/all/comm_sec_seg.nmx	data/data_Tracing/commissural/all/comm_sec_seg.nmx	commissural	33.13	10240	0
15	40975|155997|200540	135	commissural/all/comm_sec_seg.nmx	data/data_Tracing/commissural/all/comm_sec_seg.nmx	commissural	37.10	10710	0
16	81675|144001|128439	252	david/1_Commissures/Tracing/biased/old/p0v0_all.nmx	data/Projects/1_Commissures/Tracing/biased/old/p0v0_all.nmx	david	1.56	7105	0
17	81675|144733|132586	160	david/1_Commissures/Tracing/biased/p0/p0_commissural.008.nmx	data/Projects/1_Commissures/Tracing/biased/p0/p0_commissural.008.nmx	david	1.19	7683	0
18	81675|148949|129246	390	david/1_Commissures/Tracing/biased/p0/p0_commissural.008.nmx	data/Projects/1_Commissures/Tracing/biased/p0/p0_commissural.008.nmx	david	0.40	7492	0
19	84300|147561|132548	30	david/1_Commissures/Tracing/biased/old/p0v0_all.nmx	data/Projects/1_Commissures/Tracing/biased/old/p0v0_all.nmx	david	6.08	7491	0
20	84775|119004|142764	123	commissural/all/comm_sec_seg.nmx	data/data_Tracing/commissural/all/comm_sec_seg.nmx	commissural	1.53	8236	0
21	84900|150642|129023	305	david/1_Commissures/Tracing/biased/old/p0v0_all.nmx	data/Projects/1_Commissures/Tracing/biased/old/p0v0_all.nmx	david	0.08	7098	0
22	85000|119574|152339	155	david/1_Commissures/Tracing/biased/old/p0v0_all.nmx	data/Projects/1_Commissures/Tracing/biased/old/p0v0_all.nmx	david	0.89	8191	0
23	87525|114721|155514	248	david/1_Commissures/Tracing/biased/old/p0v0_all.nmx	data/Projects/1_Commissures/Tracing/biased/old/p0v0_all.nmx	david	0.73	7433	0
24	88275|122597|153213	53	mouse/Mouse/mouse.031.nmx	data/data_Tracing/mouse/Mouse/mouse.031.nmx	mouse	0.72	7897	0
25	88800|117158|155141	66	david/1_Commissures/Tracing/biased/old/p0v0_all.nmx	data/Projects/1_Commissures/Tracing/biased/old/p0v0_all.nmx	david	4.08	8236	0
26	88980.3|122645|153209	253	david/1_Commissures/Tracing/biased/old/p0v0_all.nmx	data/Projects/1_Commissures/Tracing/biased/old/p0v0_all.nmx	david	0.92	7897	0
27	89225|115052|150492	229	david/1_Commissures/Tracing/biased/old/p0v0_all.nmx	data/Projects/1_Commissures/Tracing/biased/old/p0v0_all.nmx	david	0.65	7436	0
28	90925|154124|127124	11	mouse/Mouse/mouse.044.nmx	data/data_Tracing/mouse/Mouse/mouse.044.nmx	mouse	6.68	213	0
29	91675|118160|154130	102	david/1_Commissures/Tracing/biased/old/p0v0_all.nmx	data/Projects/1_Commissures/Tracing/biased/old/p0v0_all.nmx	david	1.46	8184	0
30	95425|133328|133148	139	david/2_Motoneurons/Tracing/Hb9/Hb9_tracing.009.nmx	data/Projects/2_Motoneurons/Tracing/Hb9/Hb9_tracing.009.nmx	david	2.92	7492	0
31	95425|133512|133483	469	commissural/all/comm_sec_seg.nmx	data/data_Tracing/commissural/all/comm_sec_seg.nmx	commissural	0.53	7642	0
32	99050|130496|138684	907	david/1_Commissures/Tracing/old versions and back-ups/Commissures tracing_old/commissral_interneuron_1.070.nmx	data/Projects/1_Commissures/Tracing/old versions and back-ups/Commissures tracing_old/commissral_interneuron_1.070.nmx	david	1.29	7680	0
33	99200|131491|138048	426	commissural/all/comm_sec_seg.nmx	data/data_Tracing/commissural/all/comm_sec_seg.nmx	commissural	0.61	7300	0
34	99450|131389|138396	360	commissural/all/comm_sec_seg.nmx	data/data_Tracing/commissural/all/comm_sec_seg.nmx	commissural	1.61	8240	0
35	99550|111411|150233	181	david/1_Commissures/Tracing/biased/old/p0v0_all.nmx	data/Projects/1_Commissures/Tracing/biased/old/p0v0_all.nmx	david	1.12	7263	0
36	99550|131226|138323	650	commissural/all/comm_sec_seg.nmx	data/data_Tracing/commissural/all/comm_sec_seg.nmx	commissural	0.38	8463	0
37	99550|131531|138489	425	commissural/all/comm_sec_seg.nmx	data/data_Tracing/commissural/all/comm_sec_seg.nmx	commissural	1.16	8184	0
38	100025|131649|138015	241	commissural/all/comm_sec_seg.nmx	data/data_Tracing/commissural/all/comm_sec_seg.nmx	commissural	1.81	7680	0
39	100025|132194|138227	542	david/1_Commissures/Tracing/old versions and back-ups/Commissures tracing_old/commissral_interneuron_1.126.nmx	data/Projects/1_Commissures/Tracing/old versions and back-ups/Commissures tracing_old/commissral_interneuron_1.126.nmx	david	1.00	8238	0
40	101028|131305|138705	582	commissural/all/comm_sec_seg.nmx	data/data_Tracing/commissural/all/comm_sec_seg.nmx	commissural	0.31	8238	0
41	101028|131821|138503	254	commissural/all/comm_sec_seg.nmx	data/data_Tracing/commissural/all/comm_sec_seg.nmx	commissural	1.39	8184	0
42	101077|134689|138204	468	commissural/all/comm_sec_seg.nmx	data/data_Tracing/commissural/all/comm_sec_seg.nmx	commissural	1.00	8238	0
43	101078|131110|138356	769	david/1_Commissures/Tracing/old versions and back-ups/Commissures tracing_old/commissral_interneuron_1.168.nmx	data/Projects/1_Commissures/Tracing/old versions and back-ups/Commissures tracing_old/commissral_interneuron_1.168.nmx	david	1.21	7422	0
44	101478|131354|138112	790	commissural/all/comm_sec_seg.nmx	data/data_Tracing/commissural/all/comm_sec_seg.nmx	commissural	1.46	7680	0
45	102828|132390|138758	390	commissural/all/comm_sec_seg.nmx	data/data_Tracing/commissural/all/comm_sec_seg.nmx	commissural	0.54	7492	0
46	108750|105033|144873	167	david/1_Commissures/Tracing/biased/old/p0v0_all.nmx	data/Projects/1_Commissures/Tracing/biased/old/p0v0_all.nmx	david	0.88	7425	0
47	131192|130325|133926	414	commissural/all/comm_sec_seg.nmx	data/data_Tracing/commissural/all/comm_sec_seg.nmx	commissural	0.26	7304	0
48	133376|126747|135507	422	commissural/all/comm_sec_seg.001.nmx	data/data_Tracing/commissural/all/comm_sec_seg.001.nmx	commissural	1.19	7657	1
49	133594|127424|135062	195	commissural/all/comm_sec_seg.001.nmx	data/data_Tracing/commissural/all/comm_sec_seg.001.nmx	commissural	0.61	7914	1
50	133694|127021|135040	219	commissural/all/comm_sec_seg.001.nmx	data/data_Tracing/commissural/all/comm_sec_seg.001.nmx	commissural	0.37	7401	1
51	134044|127052|135009	138	commissural/all/comm_sec_seg.001.nmx	data/data_Tracing/commissural/all/comm_sec_seg.001.nmx	commissural	1.22	7656	1
52	134244|127568|135057	90	commissural/all/comm_sec_seg.001.nmx	data/data_Tracing/commissural/all/comm_sec_seg.001.nmx	commissural	2.37	7305	1
53	134494|127462|135057	61	commissural/all/comm_sec_seg.001.nmx	data/data_Tracing/commissural/all/comm_sec_seg.001.nmx	commissural	0.87	7067	1
54	134544|127175|134797	116	commissural/all/comm_sec_seg.001.nmx	data/data_Tracing/commissural/all/comm_sec_seg.001.nmx	commissural	1.75	7271	1
55	134694|127467|135238	80	commissural/all/comm_sec_seg.001.nmx	data/data_Tracing/commissural/all/comm_sec_seg.001.nmx	commissural	2.28	7917	1
56	135294|126337|135662	191	commissural/all/comm_sec_seg.001.nmx	data/data_Tracing/commissural/all/comm_sec_seg.001.nmx	commissural	0.88	6873	1
57	135826|126783|135319	832	commissural/all/comm_sec_seg.001.nmx	data/data_Tracing/commissural/all/comm_sec_seg.001.nmx	commissural	0.31	6870	1
58	135994|126280|135366	163	david/1_Commissures/Tracing/old versions and back-ups/Remaining/Remaining_comm_.806.nmx	data/Projects/1_Commissures/Tracing/old versions and back-ups/Remaining/Remaining_comm_.806.nmx	david	0.44	6871	1
59	136044|126920|135406	73	commissural/all/comm_sec_seg.001.nmx	data/data_Tracing/commissural/all/comm_sec_seg.001.nmx	commissural	0.08	6870	1
60	136094|126302|135106	137	david/1_Commissures/Tracing/old versions and back-ups/Remaining/Remaining_comm_.727.nmx	data/Projects/1_Commissures/Tracing/old versions and back-ups/Remaining/Remaining_comm_.727.nmx	david	2.39	7284	1
61	136094|126642|135348	129	commissural/all/comm_sec_seg.001.nmx	data/data_Tracing/commissural/all/comm_sec_seg.001.nmx	commissural	0.85	257	1
62	136294|126673|135600	168	commissural/all/comm_sec_seg.001.nmx	data/data_Tracing/commissural/all/comm_sec_seg.001.nmx	commissural	0.56	6652	1
63	136444|126730|135542	172	commissural/all/comm_sec_seg.001.nmx	data/data_Tracing/commissural/all/comm_sec_seg.001.nmx	commissural	0.23	6873	1
64	136994|126172|135508	139	commissural/all/comm_sec_seg.001.nmx	data/data_Tracing/commissural/all/comm_sec_seg.001.nmx	commissural	0.37	6873	1
65	137194|126569|135846	182	commissural/all/comm_sec_seg.001.nmx	data/data_Tracing/commissural/all/comm_sec_seg.001.nmx	commissural	0.48	6873	1
66	137294|126236|135366	107	commissural/all/comm_sec_seg.001.nmx	data/data_Tracing/commissural/all/comm_sec_seg.001.nmx	commissural	1.27	6873	1
67	139044|124927|135391	112	commissural/all/comm_sec_seg.001.nmx	data/data_Tracing/commissural/all/comm_sec_seg.001.nmx	commissural	1.82	6875	1
68	140619|127562|132406	77	commissural/all/comm_sec_seg.001.nmx	data/data_Tracing/commissural/all/comm_sec_seg.001.nmx	commissural	0.87	6875	1
69	140694|125845|132818	138	commissural/all/comm_sec_seg.001.nmx	data/data_Tracing/commissural/all/comm_sec_seg.001.nmx	commissural	1.42	6872	1
70	140744|125765|134601	54	commissural/all/comm_sec_seg.001.nmx	data/data_Tracing/commissural/all/comm_sec_seg.001.nmx	commissural	1.65	6875	1
71	140744|125878|134332	64	david/1_Commissures/Tracing/old versions and back-ups/Remaining/Remaining_comm_.746.nmx	data/Projects/1_Commissures/Tracing/old versions and back-ups/Remaining/Remaining_comm_.746.nmx	david	1.49	6875	1
72	140969|127846|132811	26	david/1_Commissures/Tracing/old versions and back-ups/Tracing commissures V2/Commissures.nmx	data/Projects/1_Commissures/Tracing/old versions and back-ups/Tracing commissures V2/Commissures.nmx	david	0.41	6875	0
73	140994|125214|132429	193	commissural/all/comm_sec_seg.001.nmx	data/data_Tracing/commissural/all/comm_sec_seg.001.nmx	commissural	1.22	6875	1
74	140994|125588|134463	81	commissural/all/comm_sec_seg.001.nmx	data/data_Tracing/commissural/all/comm_sec_seg.001.nmx	commissural	1.93	6875	1
75	141044|124869|132753	167	commissural/all/comm_sec_seg.001.nmx	data/data_Tracing/commissural/all/comm_sec_seg.001.nmx	commissural	1.66	6611	1
76	141044|125815|133318	193	commissural/all/comm_sec_seg.001.nmx	data/data_Tracing/commissural/all/comm_sec_seg.001.nmx	commissural	0.47	6387	1
77	141044|126417|133639	119	david/1_Commissures/Tracing/old versions and back-ups/Remaining/Remaining_comm_.015.nmx	data/Projects/1_Commissures/Tracing/old versions and back-ups/Remaining/Remaining_comm_.015.nmx	david	0.75	6924	1
78	141044|126447|134427	127	commissural/all/comm_sec_seg.001.nmx	data/data_Tracing/commissural/all/comm_sec_seg.001.nmx	commissural	0.29	7440	1
79	141219|124695|132796	173	commissural/all/comm_sec_seg.001.nmx	data/data_Tracing/commissural/all/comm_sec_seg.001.nmx	commissural	1.04	7857	1
80	141294|125452|134592	92	commissural/all/comm_sec_seg.001.nmx	data/data_Tracing/commissural/all/comm_sec_seg.001.nmx	commissural	1.25	6875	1
81	141514|125178|133568	360	commissural/all/comm_sec_seg.001.nmx	data/data_Tracing/commissural/all/comm_sec_seg.001.nmx	commissural	0.73	7431	1
82	141544|125192|131644	202	commissural/all/comm_sec_seg.001.nmx	data/data_Tracing/commissural/all/comm_sec_seg.001.nmx	commissural	0.63	7647	1
83	141560|125455|133129	218	commissural/unfinished/unifnished_comm_sec_seg.014.nmx	data/data_Tracing/commissural/unfinished/unifnished_comm_sec_seg.014.nmx	commissural	1.02	6876	1
84	141844|124338|132832	129	commissural/all/comm_sec_seg.001.nmx	data/data_Tracing/commissural/all/comm_sec_seg.001.nmx	commissural	0.90	6875	1
85	141844|125569|131420	97	commissural/all/comm_sec_seg.001.nmx	data/data_Tracing/commissural/all/comm_sec_seg.001.nmx	commissural	0.72	6141	1
86	141864|125394|133352	106	commissural/all/comm_sec_seg.001.nmx	data/data_Tracing/commissural/all/comm_sec_seg.001.nmx	commissural	0.79	7602	1
87	141994|124999|131750	206	commissural/all/comm_sec_seg.001.nmx	data/data_Tracing/commissural/all/comm_sec_seg.001.nmx	commissural	0.72	7277	1
88	142194|124019|132395	152	commissural/all/comm_sec_seg.001.nmx	data/data_Tracing/commissural/all/comm_sec_seg.001.nmx	commissural	0.77	7279	1
89	142219|124585|131829	185	commissural/all/comm_sec_seg.001.nmx	data/data_Tracing/commissural/all/comm_sec_seg.001.nmx	commissural	1.14	7247	1
90	142264|125442|133199	53	david/1_Commissures/Tracing/old versions and back-ups/Remaining/Remaining_comm_.015.nmx	data/Projects/1_Commissures/Tracing/old versions and back-ups/Remaining/Remaining_comm_.015.nmx	david	1.80	6875	1
91	142314|125331|132972	247	commissural/all/comm_sec_seg.001.nmx	data/data_Tracing/commissural/all/comm_sec_seg.001.nmx	commissural	1.41	7406	1
92	142344|125131|131596	255	commissural/all/comm_sec_seg.001.nmx	data/data_Tracing/commissural/all/comm_sec_seg.001.nmx	commissural	0.39	7435	1
93	142414|124946|133178	318	commissural/all/comm_sec_seg.001.nmx	data/data_Tracing/commissural/all/comm_sec_seg.001.nmx	commissural	1.04	7401	1
94	142429|124735|133264	17	commissural/all/comm_sec_seg.001.nmx	data/data_Tracing/commissural/all/comm_sec_seg.001.nmx	commissural	4.22	6875	1
95	142564|125462|132352	88	david/1_Commissures/Tracing/old versions and back-ups/Remaining/Remaining_comm_.639.nmx	data/Projects/1_Commissures/Tracing/old versions and back-ups/Remaining/Remaining_comm_.639.nmx	david	3.68	6875	1
96	142606|124184|134490	281	commissural/all/comm_sec_seg.001.nmx	data/data_Tracing/commissural/all/comm_sec_seg.001.nmx	commissural	1.10	7401	1
97	142748|125692|132836	167	commissural/all/comm_sec_seg.001.nmx	data/data_Tracing/commissural/all/comm_sec_seg.001.nmx	commissural	3.09	6875	1
98	142864|124519|133637	267	commissural/all/comm_sec_seg.001.nmx	data/data_Tracing/commissural/all/comm_sec_seg.001.nmx	commissural	1.49	7240	1
99	142998|125478|133120	156	commissural/all/comm_sec_seg.001.nmx	data/data_Tracing/commissural/all/comm_sec_seg.001.nmx	commissural	0.34	7066	1
100	143069|125213|131325	127	commissural/all/comm_sec_seg.001.nmx	data/data_Tracing/commissural/all/comm_sec_seg.001.nmx	commissural	1.21	7247	1
101	143159|125144|133096	18	david/1_Commissures/Tracing/old versions and back-ups/Tracing commissures V2/Commissures.nmx	data/Projects/1_Commissures/Tracing/old versions and back-ups/Tracing commissures V2/Commissures.nmx	david	4.19	6875	0
102	143298|125188|132691	146	commissural/all/comm_sec_seg.001.nmx	data/data_Tracing/commissural/all/comm_sec_seg.001.nmx	commissural	1.93	7661	1
103	143373|124860|132356	132	commissural/all/comm_sec_seg.001.nmx	data/data_Tracing/commissural/all/comm_sec_seg.001.nmx	commissural	2.66	8205	1
104	143448|125488|132421	184	commissural/all/comm_sec_seg.001.nmx	data/data_Tracing/commissural/all/comm_sec_seg.001.nmx	commissural	0.53	7403	1
105	143548|125274|132537	96	commissural/all/comm_sec_seg.001.nmx	data/data_Tracing/commissural/all/comm_sec_seg.001.nmx	commissural	2.15	7275	1
106	143659|124211|132133	137	commissural/all/comm_sec_seg.001.nmx	data/data_Tracing/commissural/all/comm_sec_seg.001.nmx	commissural	1.68	7049	1
107	143750|91638.3|148785	62	commissural/all/comm_sec_seg.nmx	data/data_Tracing/commissural/all/comm_sec_seg.nmx	commissural	0.69	7860	0
108	143750|92085.5|142914	131	commissural/all/comm_sec_seg.nmx	data/data_Tracing/commissural/all/comm_sec_seg.nmx	commissural	1.71	7558	0
109	143750|94956.8|145192	205	commissural/all/comm_sec_seg.nmx	data/data_Tracing/commissural/all/comm_sec_seg.nmx	commissural	0.07	7284	0
110	143750|95790.7|141772	37	commissural/all/comm_sec_seg.nmx	data/data_Tracing/commissural/all/comm_sec_seg.nmx	commissural	0.95	7396	0
111	143750|97655.7|147432	661	commissural/all/comm_sec_seg.nmx	data/data_Tracing/commissural/all/comm_sec_seg.nmx	commissural	0.45	6607	0
112	143800|98700.5|138719	130	commissural/all/comm_sec_seg.nmx	data/data_Tracing/commissural/all/comm_sec_seg.nmx	commissural	0.88	7245	0
113	143939|123606|132314	371	commissural/all/comm_sec_seg.001.nmx	data/data_Tracing/commissural/all/comm_sec_seg.001.nmx	commissural	1.22	7440	1
114	144014|123688|132581	265	commissural/all/comm_sec_seg.001.nmx	data/data_Tracing/commissural/all/comm_sec_seg.001.nmx	commissural	1.17	7657	1
115	144039|123991|132449	139	commissural/all/comm_sec_seg.001.nmx	data/data_Tracing/commissural/all/comm_sec_seg.001.nmx	commissural	1.34	6870	1
116	144139|123850|132858	27	david/1_Commissures/Tracing/old versions and back-ups/Tracing commissures V2/Commissures.nmx	data/Projects/1_Commissures/Tracing/old versions and back-ups/Tracing commissures V2/Commissures.nmx	david	3.84	6875	0
117	144220|96531.5|151481	334	commissural/all/comm_sec_seg.nmx	data/data_Tracing/commissural/all/comm_sec_seg.nmx	commissural	0.52	7247	0
118	144225|135662|104591	167	david/1_Commissures/Tracing/biased/old/p0v0_all.nmx	data/Projects/1_Commissures/Tracing/biased/old/p0v0_all.nmx	david	0.61	6105	0
119	144259|122623|131248	258	commissural/all/comm_sec_seg.001.nmx	data/data_Tracing/commissural/all/comm_sec_seg.001.nmx	commissural	1.25	7431	1
120	144859|122493|132105	134	commissural/all/comm_sec_seg.001.nmx	data/data_Tracing/commissural/all/comm_sec_seg.001.nmx	commissural	3.29	6874	1
121	145359|123261|132118	189	commissural/all/comm_sec_seg.001.nmx	data/data_Tracing/commissural/all/comm_sec_seg.001.nmx	commissural	0.50	7107	1
122	145382|124062|130933	143	commissural/all/comm_sec_seg.nmx	data/data_Tracing/commissural/all/comm_sec_seg.nmx	commissural	1.85	6651	0
123	145509|122749|131951	80	commissural/all/comm_sec_seg.001.nmx	data/data_Tracing/commissural/all/comm_sec_seg.001.nmx	commissural	3.04	6874	1
124	145659|122894|132161	106	david/1_Commissures/Tracing/old versions and back-ups/Remaining/Remaining_comm_.656.nmx	data/Projects/1_Commissures/Tracing/old versions and back-ups/Remaining/Remaining_comm_.656.nmx	david	1.52	7918	1
125	145909|122730|132193	169	commissural/all/comm_sec_seg.001.nmx	data/data_Tracing/commissural/all/comm_sec_seg.001.nmx	commissural	2.36	6654	1
126	146059|121762|131784	167	commissural/all/comm_sec_seg.001.nmx	data/data_Tracing/commissural/all/comm_sec_seg.001.nmx	commissural	0.88	6837	1
127	146059|123137|131743	218	commissural/all/comm_sec_seg.001.nmx	data/data_Tracing/commissural/all/comm_sec_seg.001.nmx	commissural	1.85	6146	1
128	146200|93647.2|147377	91	commissural/all/comm_sec_seg.nmx	data/data_Tracing/commissural/all/comm_sec_seg.nmx	commissural	0.30	7247	0
129	146200|96434.1|144092	207	commissural/all/comm_sec_seg.nmx	data/data_Tracing/commissural/all/comm_sec_seg.nmx	commissural	0.74	7247	0
130	146438|98360.6|147014	487	commissural/all/comm_sec_seg.nmx	data/data_Tracing/commissural/all/comm_sec_seg.nmx	commissural	0.30	7661	0
131	146657|122979|129726	718	commissural/all/comm_sec_seg.001.nmx	data/data_Tracing/commissural/all/comm_sec_seg.001.nmx	commissural	1.16	8183	1
132	146807|122509|129344	220	commissural/all/comm_sec_seg.nmx	data/data_Tracing/commissural/all/comm_sec_seg.nmx	commissural	0.78	7305	0
133	146839|121811|130074	42	commissural/all/comm_sec_seg.001.nmx	data/data_Tracing/commissural/all/comm_sec_seg.001.nmx	commissural	3.99	6839	1
134	146889|122138|129989	112	commissural/all/comm_sec_seg.001.nmx	data/data_Tracing/commissural/all/comm_sec_seg.001.nmx	commissural	0.57	7920	1
135	146889|122247|130286	132	commissural/all/comm_sec_seg.001.nmx	data/data_Tracing/commissural/all/comm_sec_seg.001.nmx	commissural	1.11	7280	1
136	147089|122458|130336	109	commissural/all/comm_sec_seg.001.nmx	data/data_Tracing/commissural/all/comm_sec_seg.001.nmx	commissural	4.14	7283	1
137	147339|122399|130764	128	commissural/all/comm_sec_seg.001.nmx	data/data_Tracing/commissural/all/comm_sec_seg.001.nmx	commissural	1.49	7283	1
138	147407|122541|129927	359	commissural/all/comm_sec_seg.001.nmx	data/data_Tracing/commissural/all/comm_sec_seg.001.nmx	commissural	0.14	7604	1
139	147439|122167|130674	181	commissural/all/comm_sec_seg.001.nmx	data/data_Tracing/commissural/all/comm_sec_seg.001.nmx	commissural	3.22	7280	1
140	147475|139774|105402	61	david/1_Commissures/Tracing/biased/old/p0v0_all.nmx	data/Projects/1_Commissures/Tracing/biased/old/p0v0_all.nmx	david	0.71	6141	0
141	147807|121525|128228	310	commissural/all/comm_sec_seg.001.nmx	data/data_Tracing/commissural/all/comm_sec_seg.001.nmx	commissural	0.94	6838	1
142	147861|111777|133103	1669	david/Common/PyKnossos/Tracing/Nk6_all/Nk6.502.nmx	data/Projects/Common/PyKnossos/Tracing/Nk6_all/Nk6.502.nmx	david	0.63	6143	0
143	148145|121251|129087	593	commissural/unfinished/unifnished_comm_sec_seg.015.nmx	data/data_Tracing/commissural/unfinished/unifnished_comm_sec_seg.015.nmx	commissural	0.49	6638	1
144	148197|122656|129016	200	david/Common/PyKnossos/Tracing/Nk6_all/Nk6.229.nmx	data/Projects/Common/PyKnossos/Tracing/Nk6_all/Nk6.229.nmx	david	0.51	7403	1
145	148295|122454|129193	526	commissural/all/comm_sec_seg.001.nmx	data/data_Tracing/commissural/all/comm_sec_seg.001.nmx	commissural	0.35	7373	1
146	148345|121602|129117	1971	david/Common/PyKnossos/Tracing/Nk6_all/Nk6.495.nmx	data/Projects/Common/PyKnossos/Tracing/Nk6_all/Nk6.495.nmx	david	0.63	6143	1
147	148522|121715|128832	590	david/1_Commissures/Tracing/old versions and back-ups/unknown/Neurons/Tracing backup/Nk6 - 04.01.19/Nk6.337.nmx	data/Projects/1_Commissures/Tracing/old versions and back-ups/unknown/Neurons/Tracing backup/Nk6 - 04.01.19/Nk6.337.nmx	david	0.62	6360	1
148	148600|98249|141181	163	commissural/all/comm_sec_seg.nmx	data/data_Tracing/commissural/all/comm_sec_seg.nmx	commissural	1.13	7277	0
149	148757|122022|129088	486	commissural/all/comm_sec_seg.001.nmx	data/data_Tracing/commissural/all/comm_sec_seg.001.nmx	commissural	0.39	7245	1
150	148757|122035|128758	539	commissural/all/comm_sec_seg.001.nmx	data/data_Tracing/commissural/all/comm_sec_seg.001.nmx	commissural	0.79	8198	1
151	148772|122024|128481	219	commissural/all/comm_sec_seg.001.nmx	data/data_Tracing/commissural/all/comm_sec_seg.001.nmx	commissural	1.49	7280	1
152	148807|122330|129135	955	david/1_Commissures/Tracing/old versions and back-ups/unknown/Neurons/Tracing backup/Nk6 - 04.01.19/Nk6.243.nmx	data/Projects/1_Commissures/Tracing/old versions and back-ups/unknown/Neurons/Tracing backup/Nk6 - 04.01.19/Nk6.243.nmx	david	0.40	7446	1
153	148847|121774|128478	339	commissural/finished/finished_comm_sec_seg.003.nmx	data/data_Tracing/commissural/finished/finished_comm_sec_seg.003.nmx	commissural	0.29	6653	1
154	148922|122540|128873	415	commissural/finished/finished_comm_sec_seg.003.nmx	data/data_Tracing/commissural/finished/finished_comm_sec_seg.003.nmx	commissural	0.27	7402	1
155	148945|121466|129213	537	commissural/all/comm_sec_seg.001.nmx	data/data_Tracing/commissural/all/comm_sec_seg.001.nmx	commissural	0.60	5194	1
156	149157|121821|129485	154	commissural/finished/finished_comm_sec_seg.003.nmx	data/data_Tracing/commissural/finished/finished_comm_sec_seg.003.nmx	commissural	1.15	7284	1
157	149207|122081|129117	143	commissural/finished/finished_comm_sec_seg.003.nmx	data/data_Tracing/commissural/finished/finished_comm_sec_seg.003.nmx	commissural	0.72	7284	1
158	149207|122246|129458	340	commissural/all/comm_sec_seg.001.nmx	data/data_Tracing/commissural/all/comm_sec_seg.001.nmx	commissural	1.10	211	1
159	149323|119413|129407	95	david/Common/PyKnossos/Tracing/Nk6_all/Nk6.285.nmx	data/Projects/Common/PyKnossos/Tracing/Nk6_all/Nk6.285.nmx	david	1.17	6350	0
160	149457|121809|129289	402	commissural/all/comm_sec_seg.001.nmx	data/data_Tracing/commissural/all/comm_sec_seg.001.nmx	commissural	0.14	7284	1
161	149507|120596|128910	1071	commissural/all/comm_sec_seg.018.nmx	data/data_Tracing/commissural/all/comm_sec_seg.018.nmx	commissural	0.39	8112	1
162	149557|120383|129104	103	david/1_Commissures/Tracing/old versions and back-ups/unknown/Neurons/Tracing backup/Nk6 - 04.01.19/Nk6.294.nmx	data/Projects/1_Commissures/Tracing/old versions and back-ups/unknown/Neurons/Tracing backup/Nk6 - 04.01.19/Nk6.294.nmx	david	1.17	6350	1
163	149807|120738|128938	581	commissural/all/comm_sec_seg.001.nmx	data/data_Tracing/commissural/all/comm_sec_seg.001.nmx	commissural	0.62	7099	1
164	149875|146382|116156	32	commissural/all/comm_sec_seg.nmx	data/data_Tracing/commissural/all/comm_sec_seg.nmx	commissural	3.10	6391	0
165	150157|117259|138661	682	david/Common/PyKnossos/Tracing/Nk6_all/Nk6.399.nmx	data/Projects/Common/PyKnossos/Tracing/Nk6_all/Nk6.399.nmx	david	1.23	9121	0
166	150157|121284|128717	109	commissural/all/comm_sec_seg.nmx	data/data_Tracing/commissural/all/comm_sec_seg.nmx	commissural	0.65	6571	0
167	150207|119930|129283	164	commissural/all/comm_sec_seg.001.nmx	data/data_Tracing/commissural/all/comm_sec_seg.001.nmx	commissural	0.65	7074	1
168	151014|93872.1|139493	864	commissural/all/comm_sec_seg.001.nmx	data/data_Tracing/commissural/all/comm_sec_seg.001.nmx	commissural	0.23	7401	1
169	151838|125368|125802	197	commissural/all/comm_sec_seg.nmx	data/data_Tracing/commissural/all/comm_sec_seg.nmx	commissural	0.87	7300	0
170	151933|119692|127762	441	commissural/all/comm_sec_seg.001.nmx	data/data_Tracing/commissural/all/comm_sec_seg.001.nmx	commissural	0.94	6840	1
171	152333|117888|125594	738	commissural/all/comm_sec_seg.001.nmx	data/data_Tracing/commissural/all/comm_sec_seg.001.nmx	commissural	0.23	5868	1
172	152333|118457|125855	381	commissural/all/comm_sec_seg.001.nmx	data/data_Tracing/commissural/all/comm_sec_seg.001.nmx	commissural	1.55	8191	1
173	152383|118172|125685	1048	commissural/all/comm_sec_seg.001.nmx	data/data_Tracing/commissural/all/comm_sec_seg.001.nmx	commissural	0.13	7043	1
174	152433|118693|125832	517	commissural/all/comm_sec_seg.001.nmx	data/data_Tracing/commissural/all/comm_sec_seg.001.nmx	commissural	0.62	7610	1
175	152533|118823|126389	539	commissural/all/comm_sec_seg.001.nmx	data/data_Tracing/commissural/all/comm_sec_seg.001.nmx	commissural	0.48	6840	1
176	152833|117480|125394	598	commissural/finished/finished_comm_sec_seg.004.nmx	data/data_Tracing/commissural/finished/finished_comm_sec_seg.004.nmx	commissural	1.02	6627	1
177	152850|116804|106544	49	david/1_Commissures/Tracing/biased/sim_hox4/sim_hox4.015.nmx	data/Projects/1_Commissures/Tracing/biased/sim_hox4/sim_hox4.015.nmx	david	0.97	6842	0
178	152950|111137|105655	44	david/1_Commissures/Tracing/biased/sim_hox4/sim_hox4.016.nmx	data/Projects/1_Commissures/Tracing/biased/sim_hox4/sim_hox4.016.nmx	david	1.20	6611	0
179	154154|117650|124234	528	commissural/all/comm_sec_seg.001.nmx	data/data_Tracing/commissural/all/comm_sec_seg.001.nmx	commissural	1.20	6840	1
180	154433|116575|123656	571	david/1_Commissures/Tracing/old versions and back-ups/Remaining/Remaining_comm_.403.nmx	data/Projects/1_Commissures/Tracing/old versions and back-ups/Remaining/Remaining_comm_.403.nmx	david	0.27	7281	1
181	154608|116513|125067	171	commissural/unfinished/unifnished_comm_sec_seg.064.nmx	data/data_Tracing/commissural/unfinished/unifnished_comm_sec_seg.064.nmx	commissural	1.27	6840	1
182	154858|116145|124785	331	commissural/unfinished/unifnished_comm_sec_seg.068.nmx	data/data_Tracing/commissural/unfinished/unifnished_comm_sec_seg.068.nmx	commissural	0.36	7429	1
183	154933|117608|124632	874	commissural/all/comm_sec_seg.001.nmx	data/data_Tracing/commissural/all/comm_sec_seg.001.nmx	commissural	0.60	7406	1
184	155104|117270|124391	131	commissural/all/comm_sec_seg.001.nmx	data/data_Tracing/commissural/all/comm_sec_seg.001.nmx	commissural	1.26	6610	1
185	155133|116444|125484	304	david/1_Commissures/Tracing/old versions and back-ups/Remaining/Remaining_comm_.568.nmx	data/Projects/1_Commissures/Tracing/old versions and back-ups/Remaining/Remaining_comm_.568.nmx	david	1.35	6653	1
186	155133|116534|124874	180	commissural/finished/finished_comm_sec_seg.004.nmx	data/data_Tracing/commissural/finished/finished_comm_sec_seg.004.nmx	commissural	0.95	7408	1
187	155154|117588|124346	462	commissural/all/comm_sec_seg.001.nmx	data/data_Tracing/commissural/all/comm_sec_seg.001.nmx	commissural	0.47	6614	1
188	155204|116855|123954	514	commissural/all/comm_sec_seg.001.nmx	data/data_Tracing/commissural/all/comm_sec_seg.001.nmx	commissural	0.83	6611	1
189	155204|116987|124133	323	commissural/all/comm_sec_seg.001.nmx	data/data_Tracing/commissural/all/comm_sec_seg.001.nmx	commissural	0.76	6402	1
190	155208|116388|124635	230	commissural/all/comm_sec_seg.016.nmx	data/data_Tracing/commissural/all/comm_sec_seg.016.nmx	commissural	0.62	6611	1
191	155600|114314|104309	105	david/1_Commissures/Tracing/biased/sim_hox4/sim_hox4.014.nmx	data/Projects/1_Commissures/Tracing/biased/sim_hox4/sim_hox4.014.nmx	david	1.99	6356	0
192	155783|117639|124118	259	commissural/all/comm_sec_seg.001.nmx	data/data_Tracing/commissural/all/comm_sec_seg.001.nmx	commissural	0.31	6611	1
193	155854|116490|123230	285	commissural/all/comm_sec_seg.nmx	data/data_Tracing/commissural/all/comm_sec_seg.nmx	commissural	0.55	6611	0
194	155878|117821|124427	439	commissural/finished/finished_comm_sec_seg.004.nmx	data/data_Tracing/commissural/finished/finished_comm_sec_seg.004.nmx	commissural	0.84	6611	1
195	155936|132111|125357	701	commissural/all/comm_sec_seg.nmx	data/data_Tracing/commissural/all/comm_sec_seg.nmx	commissural	0.62	6360	0
196	156128|116625|124343	379	commissural/all/comm_sec_seg.001.nmx	data/data_Tracing/commissural/all/comm_sec_seg.001.nmx	commissural	1.41	7074	1
197	156258|117146|125098	239	commissural/unfinished/unifnished_comm_sec_seg.069.nmx	data/data_Tracing/commissural/unfinished/unifnished_comm_sec_seg.069.nmx	commissural	1.22	7284	1
198	156608|115221|125230	72	commissural/all/comm_sec_seg.001.nmx	data/data_Tracing/commissural/all/comm_sec_seg.001.nmx	commissural	1.53	7076	1
199	156633|117082|125153	170	commissural/all/comm_sec_seg.001.nmx	data/data_Tracing/commissural/all/comm_sec_seg.001.nmx	commissural	0.68	6812	1
200	156758|114837|125517	185	commissural/all/comm_sec_seg.001.nmx	data/data_Tracing/commissural/all/comm_sec_seg.001.nmx	commissural	1.34	7661	1
201	157464|115170|122933	492	commissural/all/comm_sec_seg.001.nmx	data/data_Tracing/commissural/all/comm_sec_seg.001.nmx	commissural	0.86	6611	1
202	157564|115422|123068	525	commissural/all/comm_sec_seg.001.nmx	data/data_Tracing/commissural/all/comm_sec_seg.001.nmx	commissural	0.95	7658	1
203	157622|106723|120288	315	commissural/all/comm_sec_seg.nmx	data/data_Tracing/commissural/all/comm_sec_seg.nmx	commissural	0.45	6321	0
204	157674|104756|109943	43	commissural/all/comm_sec_seg.nmx	data/data_Tracing/commissural/all/comm_sec_seg.nmx	commissural	1.96	6093	0
205	157814|115784|122418	280	commissural/all/comm_sec_seg.001.nmx	data/data_Tracing/commissural/all/comm_sec_seg.001.nmx	commissural	0.88	6836	1
206	157828|115829|123365	167	commissural/all/comm_sec_seg.001.nmx	data/data_Tracing/commissural/all/comm_sec_seg.001.nmx	commissural	1.22	6876	1
207	157864|116112|123386	226	commissural/all/comm_sec_seg.001.nmx	data/data_Tracing/commissural/all/comm_sec_seg.001.nmx	commissural	1.21	6100	1
208	158064|116363|123661	165	commissural/all/comm_sec_seg.001.nmx	data/data_Tracing/commissural/all/comm_sec_seg.001.nmx	commissural	0.90	7623	1
209	158228|116764|123002	237	commissural/all/comm_sec_seg.001.nmx	data/data_Tracing/commissural/all/comm_sec_seg.001.nmx	commissural	1.10	211	1
210	158612|102864|133276	776	david/Common/PyKnossos/Tracing/Nk6_all/Nk6.498.nmx	data/Projects/Common/PyKnossos/Tracing/Nk6_all/Nk6.498.nmx	david	2.19	7248	0
211	158883|116149|122702	562	david/1_Commissures/Tracing/old versions and back-ups/Remaining/Remaining_comm_.353.nmx	data/Projects/1_Commissures/Tracing/old versions and back-ups/Remaining/Remaining_comm_.353.nmx	david	0.73	203	1
212	158958|121536|212724	357	commissural/all/comm_sec_seg.001.nmx	data/data_Tracing/commissural/all/comm_sec_seg.001.nmx	commissural	2.52	10067	1
213	159128|116240|122728	451	commissural/all/comm_sec_seg.001.nmx	data/data_Tracing/commissural/all/comm_sec_seg.001.nmx	commissural	0.20	6402	1
214	159733|116276|122078	203	david/1_Commissures/Tracing/old versions and back-ups/Remaining/Remaining_comm_.327.nmx	data/Projects/1_Commissures/Tracing/old versions and back-ups/Remaining/Remaining_comm_.327.nmx	david	0.69	6876	1
215	159783|115615|122099	406	commissural/all/comm_sec_seg.001.nmx	data/data_Tracing/commissural/all/comm_sec_seg.001.nmx	commissural	0.45	7446	1
216	160464|114546|123434	450	commissural/all/comm_sec_seg.001.nmx	data/data_Tracing/commissural/all/comm_sec_seg.001.nmx	commissural	0.11	7373	1
217	160650|91574.7|130847	40	commissural/all/comm_sec_seg.021.nmx	data/data_Tracing/commissural/all/comm_sec_seg.021.nmx	commissural	1.71	7044	0
218	160883|115163|122301	702	commissural/all/comm_sec_seg.001.nmx	data/data_Tracing/commissural/all/comm_sec_seg.001.nmx	commissural	0.74	6399	1
219	161183|114381|122874	548	david/1_Commissures/Tracing/old versions and back-ups/Remaining/Remaining_comm_.293.nmx	data/Projects/1_Commissures/Tracing/old versions and back-ups/Remaining/Remaining_comm_.293.nmx	david	0.28	7098	1
220	161391|71834.3|155896	348	commissural/all/comm_sec_seg.nmx	data/data_Tracing/commissural/all/comm_sec_seg.nmx	commissural	0.75	7807	0
221	163525|128921|105017	177	commissural/all/comm_sec_seg.021.nmx	data/data_Tracing/commissural/all/comm_sec_seg.021.nmx	commissural	0.41	6610	0
222	163525|128984|109213	88	commissural/all/comm_sec_seg.021.nmx	data/data_Tracing/commissural/all/comm_sec_seg.021.nmx	commissural	1.67	5909	0
223	164891|102679|130212	703	commissural/all/comm_sec_seg.nmx	data/data_Tracing/commissural/all/comm_sec_seg.nmx	commissural	2.67	6581	0
224	166053|113416|119760	710	david/1_Commissures/Tracing/biased/old/lbx_no_pitx/lbx_no_pitx.nmx	data/Projects/1_Commissures/Tracing/biased/old/lbx_no_pitx/lbx_no_pitx.nmx	david	1.13	6628	1
225	166095|113891|120037	354	commissural/all/comm_sec_seg.001.nmx	data/data_Tracing/commissural/all/comm_sec_seg.001.nmx	commissural	1.47	7047	1
226	166151|112528|120486	352	commissural/all/comm_sec_seg.001.nmx	data/data_Tracing/commissural/all/comm_sec_seg.001.nmx	commissural	0.39	6814	1
227	166475|111436|120494	315	david/Common/PyKnossos/Tracing/Nk6_all/Nk6.366.nmx	data/Projects/Common/PyKnossos/Tracing/Nk6_all/Nk6.366.nmx	david	1.64	6361	1
228	166583|132825|107147	12	commissural/all/comm_sec_seg.021.nmx	data/data_Tracing/commissural/all/comm_sec_seg.021.nmx	commissural	2.15	5908	0
229	166763|113714|118448	553	commissural/all/comm_sec_seg.001.nmx	data/data_Tracing/commissural/all/comm_sec_seg.001.nmx	commissural	0.74	6402	1
230	166825|113180|120711	327	commissural/all/comm_sec_seg.001.nmx	data/data_Tracing/commissural/all/comm_sec_seg.001.nmx	commissural	0.45	6399	1
231	166884|111342|122360	326	commissural/all/comm_sec_seg.001.nmx	data/data_Tracing/commissural/all/comm_sec_seg.001.nmx	commissural	0.85	7281	1
232	166972|112092|122147	683	commissural/all/comm_sec_seg.001.nmx	data/data_Tracing/commissural/all/comm_sec_seg.001.nmx	commissural	0.54	7248	1
233	166999|89516.8|131755	29	commissural/all/comm_sec_seg.nmx	data/data_Tracing/commissural/all/comm_sec_seg.nmx	commissural	2.43	7046	0
234	167045|111747|122203	318	david/1_Commissures/Tracing/old versions and back-ups/Remaining/Remaining_comm_.165.nmx	data/Projects/1_Commissures/Tracing/old versions and back-ups/Remaining/Remaining_comm_.165.nmx	david	0.71	6354	1
235	167084|110710|123177	242	commissural/all/comm_sec_seg.001.nmx	data/data_Tracing/commissural/all/comm_sec_seg.001.nmx	commissural	0.58	6399	1
236	167131|89058.8|131480	160	commissural/all/comm_sec_seg.nmx	data/data_Tracing/commissural/all/comm_sec_seg.nmx	commissural	1.45	7047	0
237	167138|113610|121343	219	commissural/all/comm_sec_seg.001.nmx	data/data_Tracing/commissural/all/comm_sec_seg.001.nmx	commissural	1.13	7074	1
238	167224|89142.7|131722	363	david/1_Commissures/Tracing/old versions and back-ups/Commissures tracing_old/commissral_interneuron_1.083.nmx	data/Projects/1_Commissures/Tracing/old versions and back-ups/Commissures tracing_old/commissral_interneuron_1.083.nmx	david	0.85	7624	0
239	167517|113454|122053	135	commissural/all/comm_sec_seg.001.nmx	data/data_Tracing/commissural/all/comm_sec_seg.001.nmx	commissural	0.97	6841	1
240	167528|113383|121742	339	david/1_Commissures/Tracing/old versions and back-ups/Remaining/Remaining_comm_.178.nmx	data/Projects/1_Commissures/Tracing/old versions and back-ups/Remaining/Remaining_comm_.178.nmx	david	0.49	7047	1
241	167675|113173|121333	381	commissural/all/comm_sec_seg.001.nmx	data/data_Tracing/commissural/all/comm_sec_seg.001.nmx	commissural	0.90	6399	1
242	168467|110636|121388	386	commissural/all/comm_sec_seg.001.nmx	data/data_Tracing/commissural/all/comm_sec_seg.001.nmx	commissural	0.74	6101	1
243	168517|111524|121198	548	commissural/all/comm_sec_seg.001.nmx	data/data_Tracing/commissural/all/comm_sec_seg.001.nmx	commissural	0.50	7903	1
244	168733|110589|121166	358	commissural/all/comm_sec_seg.001.nmx	data/data_Tracing/commissural/all/comm_sec_seg.001.nmx	commissural	0.81	6355	1
245	168775|111882|120501	703	david/1_Commissures/Tracing/old versions and back-ups/Remaining/Remaining_comm_.081.nmx	data/Projects/1_Commissures/Tracing/old versions and back-ups/Remaining/Remaining_comm_.081.nmx	david	0.85	6354	1
246	168817|112032|121153	526	commissural/all/comm_sec_seg.001.nmx	data/data_Tracing/commissural/all/comm_sec_seg.001.nmx	commissural	0.56	7105	1
247	168933|111639|121860	687	commissural/all/comm_sec_seg.001.nmx	data/data_Tracing/commissural/all/comm_sec_seg.001.nmx	commissural	0.49	5622	1
248	168975|112073|120339	301	commissural/all/comm_sec_seg.001.nmx	data/data_Tracing/commissural/all/comm_sec_seg.001.nmx	commissural	0.56	6148	1
249	169025|112059|119951	706	commissural/all/comm_sec_seg.001.nmx	data/data_Tracing/commissural/all/comm_sec_seg.001.nmx	commissural	0.70	7648	1
250	169234|111565|120826	610	commissural/all/comm_sec_seg.001.nmx	data/data_Tracing/commissural/all/comm_sec_seg.001.nmx	commissural	0.93	6356	1
251	169275|112542|119670	234	commissural/all/comm_sec_seg.001.nmx	data/data_Tracing/commissural/all/comm_sec_seg.001.nmx	commissural	0.62	5617	1
252	169318|112012|121284	627	david/1_Commissures/Tracing/old versions and back-ups/Remaining/Remaining_comm_.099.nmx	data/Projects/1_Commissures/Tracing/old versions and back-ups/Remaining/Remaining_comm_.099.nmx	david	0.44	5194	1
253	169375|111768|119577	884	commissural/all/comm_sec_seg.001.nmx	data/data_Tracing/commissural/all/comm_sec_seg.001.nmx	commissural	0.63	6394	1
254	169575|112550|119878	594	commissural/all/comm_sec_seg.001.nmx	data/data_Tracing/commissural/all/comm_sec_seg.001.nmx	commissural	0.52	6643	1
255	169659|143856|108381	80	commissural/bilateral_counterpart/bilateral_counter.001.nmx	data/data_Tracing/commissural/bilateral_counterpart/bilateral_counter.001.nmx	commissural	0.47	6153	0
256	169700|113138|120130	275	commissural/all/comm_sec_seg.001.nmx	data/data_Tracing/commissural/all/comm_sec_seg.001.nmx	commissural	1.15	6355	1
257	169725|111470|120899	411	commissural/all/comm_sec_seg.001.nmx	data/data_Tracing/commissural/all/comm_sec_seg.001.nmx	commissural	0.39	6356	1
258	169750|138157|106179	103	commissural/bilateral_counterpart/bilateral_counter.001.nmx	data/data_Tracing/commissural/bilateral_counterpart/bilateral_counter.001.nmx	commissural	1.10	6840	0
259	169875|111784|120857	216	commissural/all/comm_sec_seg.001.nmx	data/data_Tracing/commissural/all/comm_sec_seg.001.nmx	commissural	0.84	7624	1
260	171808|103894|126275	155	david/1_Commissures/Tracing/old versions and back-ups/Remaining/Remaining_comm_.084.nmx	data/Projects/1_Commissures/Tracing/old versions and back-ups/Remaining/Remaining_comm_.084.nmx	david	2.27	6579	0
261	173536|102853|125270	199	commissural/all/comm_sec_seg.nmx	data/data_Tracing/commissural/all/comm_sec_seg.nmx	commissural	0.98	5875	0
262	179512|111586|117500	156	commissural/all/comm_sec_seg.nmx	data/data_Tracing/commissural/all/comm_sec_seg.nmx	commissural	2.13	6578	0
263	179562|111551|116843	252	commissural/all/comm_sec_seg.nmx	data/data_Tracing/commissural/all/comm_sec_seg.nmx	commissural	1.27	5200	0
264	179662|112274|116927	453	commissural/all/comm_sec_seg.nmx	data/data_Tracing/commissural/all/comm_sec_seg.nmx	commissural	0.65	5872	0
265	179737|110597|118428	298	commissural/all/comm_sec_seg.nmx	data/data_Tracing/commissural/all/comm_sec_seg.nmx	commissural	2.12	6620	0
266	180200|96363.3|112007	435	commissural/all/comm_sec_seg.nmx	data/data_Tracing/commissural/all/comm_sec_seg.nmx	commissural	2.45	6580	0
267	181875|108183|101883	119	commissural/all/comm_sec_seg.nmx	data/data_Tracing/commissural/all/comm_sec_seg.nmx	commissural	0.71	5875	0
268	182212|111122|117650	210	commissural/all/comm_sec_seg.nmx	data/data_Tracing/commissural/all/comm_sec_seg.nmx	commissural	0.32	5875	0
269	184206|115691|108966	468	commissural/all/comm_sec_seg.nmx	data/data_Tracing/commissural/all/comm_sec_seg.nmx	commissural	0.36	5882	0
270	184242|109303|118190	583	commissural/all/comm_sec_seg.nmx	data/data_Tracing/commissural/all/comm_sec_seg.nmx	commissural	0.55	6861	0
271	197196|110216|116884	130	commissural/all/comm_sec_seg.nmx	data/data_Tracing/commissural/all/comm_sec_seg.nmx	commissural	1.17	6367	0
272	199450|106143|119679	292	david/Common/PyKnossos/Tracing/Nk6_all/Nk6.362.nmx	data/Projects/Common/PyKnossos/Tracing/Nk6_all/Nk6.362.nmx	david	0.70	6109	0
273	201100|105854|90869.2	49	david/1_Commissures/Tracing/biased/old/p0v0_all.nmx	data/Projects/1_Commissures/Tracing/biased/old/p0v0_all.nmx	david	1.10	5629	0
274	205548|83209.2|101779	44	david/1_Commissures/Tracing/biased/sim_hox4/sim_hox4.009.nmx	data/Projects/1_Commissures/Tracing/biased/sim_hox4/sim_hox4.009.nmx	david	6.10	5826	0
275	206275|98588.2|89397.9	17	david/1_Commissures/Tracing/biased/sim_hox4/sim_hox4.011.nmx	data/Projects/1_Commissures/Tracing/biased/sim_hox4/sim_hox4.011.nmx	david	1.44	5094	0
276	207510|94939|96534.5	26	david/1_Commissures/Tracing/biased/sim_hox4/sim_hox4.008.nmx	data/Projects/1_Commissures/Tracing/biased/sim_hox4/sim_hox4.008.nmx	david	2.06	6118	0
277	208025|94752.3|97028.8	109	david/1_Commissures/Tracing/biased/sim_hox4/sim_hox4.013.nmx	data/Projects/1_Commissures/Tracing/biased/sim_hox4/sim_hox4.013.nmx	david	1.69	6581	0
278	208425|82000.3|100306	22	david/1_Commissures/Tracing/biased/sim_hox4/sim_hox4.010.nmx	data/Projects/1_Commissures/Tracing/biased/sim_hox4/sim_hox4.010.nmx	david	7.23	5592	0
279	209900|80225.1|104391	64	david/1_Commissures/Tracing/biased/sim_hox4/sim_hox4.005.nmx	data/Projects/1_Commissures/Tracing/biased/sim_hox4/sim_hox4.005.nmx	david	7.52	6628	0
280	211200|96906.7|91028.6	124	david/1_Commissures/Tracing/biased/sim_hox4/sim_hox4.015.nmx	data/Projects/1_Commissures/Tracing/biased/sim_hox4/sim_hox4.015.nmx	david	1.69	6581	0
281	238500|78392.7|108516	52	david/1_Commissures/Tracing/biased/Pyg/git/pyg.005.nmx	data/Projects/1_Commissures/Tracing/biased/Pyg/git/pyg.005.nmx	david	13.82	5831	0
282	241225|78003.4|115126	56	david/1_Commissures/Tracing/biased/Pyg/git/pyg.005.nmx	data/Projects/1_Commissures/Tracing/biased/Pyg/git/pyg.005.nmx	david	11.11	5831	0
283	241350|73958.2|111757	13	david/1_Commissures/Tracing/biased/Pyg/git/pyg.002.nmx	data/Projects/1_Commissures/Tracing/biased/Pyg/git/pyg.002.nmx	david	32.19	5831	0
284	243125|95140.8|96226.4	28	david/1_Commissures/Tracing/biased/Pyg/git/pyg.001.nmx	data/Projects/1_Commissures/Tracing/biased/Pyg/git/pyg.001.nmx	david	21.86	5360	0
