label_id	anchor_x	anchor_y	anchor_z	cell_id	kevin_head_traces_id	david_motorneuron_2nd_segment_traces_id	most_probable_broad_type	most_probable_subtype
6	170.08	174.24	15.3	745	32	0	Motile cilia	clade10sub8
10	197.52	141.92	20.3	1108	341	0	Motile cilia	clade10sub20
23	199.84	141.04	32.9	1540	169	0	Developing neurons	clade11sub4subsub2-5-8
39	202.8	139.68	40.5	2842	42	0	Central nervous system	clade11sub4subsub6
58	151.28	202.56	55.7	4483	92	0	Central nervous system	clade11sub8subsub0
80	180.8	209.92	58.6	5403	627	0	Central nervous system	clade11sub15subsub4
95	185.84	141.84	70.9	6246	708	0	Motile cilia	clade10sub14
100	146.16	164.24	71.3	7012	527	0	Somatic musculature	clade7sub8
114	232.4	148.24	77.6	0	303	0		
118	229.84	186.96	77.5	7942	723	0	Anterior nervous system	clade11sub3subsub7
124	224.96	176.96	78.4	8101	721	0	Anterior nervous system	clade11sub3subsub7
148	114.72	144.48	97.3	10379	553	0	Central nervous system	clade11sub20subsub3
251	125.84	118.4	152.3	18180	0	84	Developing neurons	clade9sub7
269	123.04	115.36	157.5	20037	0	37	Developing neurons	clade11sub22subsub4
291	120.08	113.12	169.7	12942	0	48	Motile cilia	clade11sub6subsub10
436	193.6	159.84	6.7	200	664	0	Epidermis	nocladesub2
503	196.32	158.16	9.6	0	669	0		
505	196.96	154.56	11.8	513	670	0	Motile cilia	clade10sub3subsub5-9
506	198.64	161.6	9.9	0	665	0		
510	201.68	165.12	11.0	417	666	0	Motile cilia	clade10sub3subsub5-9
537	170.16	175.12	12.7	406	37	0	Motile cilia	nocladesub3
636	190.56	158.32	15.5	725	663	0	Central nervous system	clade9sub13
637	191.12	162.56	15.0	614	657	0	Central nervous system	clade9sub13
641	191.84	157.76	18.4	852	661	0	Central nervous system	clade11sub23
642	194.48	161.2	14.7	615	658	0	Central nervous system	clade9sub13
645	198.24	158.96	14.2	617	668	0	Motile cilia	clade10sub3subsub5-9
649	201.84	160.64	15.2	389	667	0	Motile cilia	clade10sub3subsub5-9
653	207.36	147.2	14.3	256	357	0	Motile cilia	clade10sub19
656	210.56	146.64	14.6	364	367	0	Motile cilia	clade10sub9
674	166.16	171.2	18.0	743	265	0	Motile cilia	clade9sub7
675	169.36	178.08	14.4	649	259	0	Motile cilia	clade9sub7
678	173.92	185.12	15.0	772	283	0	Motile cilia	clade10sub9
680	177.2	181.6	15.5	896	281	0	Motile cilia	clade10sub9
693	193.6	165.76	16.5	884	656	0	Central nervous system	clade11sub23
716	216.32	171.2	15.5	538	26	0	Motile cilia	clade10sub19
734	177.28	186.96	14.7	774	287	0	Motile cilia	clade10sub3subsub5-9
771	188.0	141.52	21.2	1099	347	0	Developing neurons	clade9sub7
772	191.12	136.88	18.2	0	349	0		
774	191.44	142.24	21.8	1102	337	0	Developing neurons	clade9sub7
778	195.76	137.92	20.8	953	345	0	Motile cilia	clade9sub7
780	200.72	135.92	17.6	825	176	0	Motile cilia	clade9sub7
788	208.96	141.36	24.2	1258	173	0	Motile cilia	clade10sub9
812	188.88	145.92	21.3	950	331	0	Developing neurons	clade9sub7
813	189.28	161.76	19.2	851	660	0	Central nervous system	clade11sub8subsub1-4
815	191.76	162.96	23.1	1154	655	0	Central nervous system	clade11sub23
817	195.36	163.2	19.0	1138	659	0	Central nervous system	clade11sub23
818	195.92	158.4	20.3	988	662	0	Central nervous system	clade11sub23
819	195.92	146.0	20.2	967	323	0	Developing neurons	clade11sub8subsub0
827	205.28	158.16	23.4	514	77	0	Motile cilia	clade11sub4subsub2-5-8
832	209.84	160.8	18.6	730	371	0	Motile cilia	clade11sub4subsub2-5-8
833	211.52	152.48	23.7	969	351	0	Motile cilia	clade10sub9
834	211.92	154.88	18.9	622	369	0	Motile cilia	clade10sub3subsub5-9
835	213.12	149.84	20.6	1123	353	0	Motile cilia	clade10sub3subsub5-9
837	212.56	159.92	20.8	995	373	0	Motile cilia	clade11sub4subsub2-5-8
838	215.68	153.52	19.5	365	355	0	Motile cilia	clade10sub3subsub5-9
839	216.32	160.08	19.3	734	375	0	Motile cilia	clade11sub4subsub2-5-8
841	219.36	154.64	20.2	835	359	0	Motile cilia	clade10sub9
843	220.96	158.0	24.1	996	98	0	Motile cilia	clade10sub9
847	226.08	159.84	23.6	1293	30	0	Motile cilia	clade9sub7
868	165.12	178.8	18.6	1031	273	0	Motile cilia	clade9sub7
869	167.36	174.48	20.7	1008	263	0	Motile cilia	clade10sub19
870	167.68	182.96	17.8	1034	277	0	Motile cilia	clade9sub7
872	169.68	178.48	17.7	1033	269	0	Motile cilia	clade9sub7
873	171.76	175.36	19.8	875	261	0	Motile cilia	clade10sub19
874	171.52	182.72	20.1	1032	285	0	Motile cilia	clade10sub3subsub5-9
875	174.72	180.8	18.8	1035	271	0	Motile cilia	clade11sub8subsub0
876	175.84	176.96	18.4	1009	275	0	Central nervous system	clade11sub23
894	193.44	171.52	22.2	1312	652	0	Central nervous system	clade11sub9subsub4
896	193.92	167.04	24.0	1442	651	0	Central nervous system	clade11sub23
923	225.84	170.4	19.8	1025	719	0	Motile cilia	clade10sub9
924	227.04	166.16	20.0	628	720	0	Motile cilia	clade10sub9
952	183.84	194.48	20.8	1058	411	0	Motile cilia	clade11sub4subsub2-5-8
957	189.36	193.04	18.5	778	413	0	Motile cilia	clade11sub18subsub2
959	192.16	198.72	21.0	1364	415	0	Developing neurons	clade11sub4subsub2-5-8
1010	191.44	143.36	28.4	1538	321	0	Developing neurons	clade9sub7
1012	193.52	140.08	23.9	1396	339	0	Motile cilia	clade9sub7
1015	195.2	145.04	25.1	1397	327	0	Developing neurons	clade11sub7subsub6
1018	200.0	139.92	23.3	1103	343	0	Motile cilia	clade10sub9
1019	200.64	144.4	22.3	1399	325	0	Developing neurons	clade10sub9
1024	204.72	140.4	29.0	824	166	0	Motile cilia	clade10sub9
1025	208.64	137.6	27.1	1104	171	0	Developing neurons	clade9sub16
1046	184.4	152.48	24.1	1411	52	0	Motile cilia	clade10sub19
1047	185.28	150.0	27.2	1413	50	0	Motile cilia	clade10sub19
1053	193.04	148.08	23.3	1271	329	0	Developing neurons	clade11sub8subsub0
1056	194.56	162.08	25.3	1423	653	0	Central nervous system	clade11sub23
1057	197.92	148.0	26.1	1548	333	0	Developing neurons	clade11sub8subsub0
1070	214.8	156.32	27.3	1425	39	0	Developing neurons	clade10sub22
1073	215.92	152.24	22.4	1277	96	0	Motile cilia	clade10sub9
1075	218.56	153.92	24.8	1125	361	0	Motile cilia	clade10sub9
1076	220.32	160.8	23.3	733	377	0	Motile cilia	clade10sub9
1079	221.44	156.16	26.6	1415	365	0	Motile cilia	clade10sub9
1081	223.52	158.08	25.0	1428	379	0	Motile cilia	clade10sub9
1118	169.68	178.64	21.9	1172	279	0	Motile cilia	clade10sub8
1143	197.36	165.52	25.9	1594	654	0	Central nervous system	clade11sub23
1172	226.56	172.16	25.2	1601	718	0	Motile cilia	clade10sub9
1175	230.0	167.2	23.4	1448	712	0	Motile cilia	clade10sub19
1211	187.92	199.12	25.6	1646	409	0	Developing neurons	clade11sub4subsub2-5-8
1212	188.32	203.84	26.3	1796	407	0	Central nervous system	clade11sub18subsub2
1214	189.84	196.72	26.8	928	81	0	Developing neurons	clade11sub4subsub2-5-8
1218	195.04	195.76	23.6	1059	395	0	Developing neurons	clade11sub8subsub0
1223	198.24	200.08	25.0	1506	399	0	Central nervous system	clade11sub8subsub0
1251	187.68	208.56	23.4	1501	405	0	Motile cilia	clade10sub9
1299	206.64	142.88	29.5	1849	178	0	Developing neurons	clade11sub7subsub6
1301	202.8	137.92	34.7	1834	167	0	Developing neurons	clade11sub4subsub2-5-8
1303	208.0	136.16	33.4	2328	164	0	Developing neurons	clade11sub7subsub6
1306	208.48	140.32	33.9	2329	162	0	Developing neurons	clade11sub7subsub6
1337	187.12	159.2	29.7	1885	671	0	Central nervous system	clade11sub9subsub4
1348	198.72	152.08	27.0	1703	335	0	Developing neurons	clade11sub8subsub0
1365	215.44	161.6	30.5	1124	363	0	Developing neurons	clade11sub4subsub6
1387	142.4	175.36	32.4	2209	195	0	Motile cilia	clade10sub21
1388	143.52	183.04	29.0	1922	203	0	Motile cilia	clade10sub3subsub5-9
1389	145.04	175.84	29.5	1900	197	0	Motile cilia	clade10sub21
1390	145.44	180.88	26.7	1921	199	0	Motile cilia	clade10sub13
1393	147.36	183.52	31.7	2077	207	0	Motile cilia	clade11sub18subsub2
1399	152.0	183.28	31.6	2229	179	0	Motile cilia	clade10sub22
1474	229.44	172.56	28.3	1743	713	0	Developing neurons	clade11sub7subsub6
1476	230.4	166.24	28.5	1565	716	0	Motile cilia	clade10sub9
1477	232.08	169.92	30.8	1024	714	0	Motile cilia	clade10sub22
1482	144.48	186.88	30.1	2076	205	0	Motile cilia	clade10sub9
1532	195.84	202.0	33.7	1648	393	0	Central nervous system	clade11sub15subsub4
1581	197.6	208.72	30.3	2140	387	0	Developing neurons	clade9sub7
1583	200.56	207.68	32.1	2299	101	0	Central nervous system	clade11sub8subsub0
1640	205.68	139.36	34.5	2173	160	0	Developing neurons	clade11sub4subsub2-5-8
1678	185.6	152.4	36.6	1715	429	0	Central nervous system	clade11sub23
1691	194.32	152.48	38.2	2860	425	0	Central nervous system	clade11sub8subsub0
1697	202.24	155.6	38.0	2878	459	0	Central nervous system	clade11sub8subsub0
1708	211.68	158.64	37.1	1404	465	0	Developing neurons	clade11sub8subsub0
1716	215.68	153.28	36.9	2691	471	0	Central nervous system	clade11sub8subsub0
1718	220.4	160.16	31.8	2197	100	0	Developing neurons	clade11sub7subsub6
1719	220.88	155.68	36.2	2533	479	0	Developing neurons	clade11sub7subsub6
1745	146.8	173.2	36.8	2210	201	0	Motile cilia	clade10sub22
1747	147.52	182.8	35.4	2394	183	0	Motile cilia	clade10sub19
1748	148.0	179.04	31.2	2230	181	0	Motile cilia	clade10sub3subsub5-9
1818	231.84	166.88	33.3	2072	715	0	Motile cilia	clade11sub9subsub3
1827	145.12	187.76	33.9	2395	187	0	Motile cilia	clade10sub9
1861	175.84	204.0	35.5	2783	487	0	Developing neurons	clade11sub8subsub0
1880	196.32	205.44	37.7	2788	103	0	Central nervous system	clade11sub9subsub4
1885	201.84	204.0	32.5	2143	397	0	Central nervous system	clade11sub9subsub4
1935	186.32	207.2	40.3	2444	79	0	Central nervous system	clade11sub9subsub3
1937	193.6	210.0	36.7	2139	403	0	Central nervous system	clade11sub9subsub4
1938	195.68	209.76	33.7	2445	401	0	Central nervous system	clade11sub9subsub4
2040	183.84	148.0	42.5	3028	590	0	Developing neurons	clade9sub22
2043	190.96	148.48	42.3	3205	417	0	Central nervous system	clade11sub8subsub1-4
2044	188.48	152.0	43.8	3357	421	0	Central nervous system	clade11sub23
2052	198.0	152.0	40.6	2861	481	0	Central nervous system	clade11sub8subsub0
2053	200.56	149.28	39.6	3031	473	0	Central nervous system	clade11sub8subsub0
2055	200.96	145.52	43.5	3208	469	0	Developing neurons	clade11sub7subsub6
2062	208.08	156.8	41.1	3229	455	0	Central nervous system	clade11sub8subsub0
2064	210.88	154.88	39.2	2881	463	0	Central nervous system	clade11sub8subsub0
2070	215.84	157.84	39.8	2692	457	0	Developing neurons	clade11sub8subsub0
2072	213.52	155.12	42.3	3391	439	0	Central nervous system	clade11sub8subsub0
2089	129.12	176.64	42.1	3413	644	0	Motile cilia	clade10sub9
2094	135.84	172.08	42.5	3403	611	0	Central nervous system	clade11sub23
2096	140.24	174.64	40.8	3240	609	0	Motile cilia	clade11sub8subsub0
2098	140.64	170.88	40.7	3241	607	0	Central nervous system	clade11sub23
2101	144.4	166.96	43.2	3405	605	0	Midgut	clade9sub22
2103	146.08	185.92	39.6	2908	189	0	Developing neurons	clade11sub18subsub2
2123	167.36	180.08	43.5	3258	521	0	Central nervous system	clade11sub8subsub1-4
2126	169.92	181.76	39.4	2912	519	0	Central nervous system	clade11sub8subsub1-4
2157	231.28	168.72	38.4	2904	717	0	Developing neurons	clade11sub9subsub4
2173	148.4	189.68	38.3	1923	191	0	Developing neurons	clade11sub18subsub2
2177	152.24	189.76	41.0	3085	193	0	Developing neurons	clade11sub7subsub6
2191	167.6	198.48	42.5	3282	491	0	Central nervous system	clade11sub8subsub0
2192	170.0	190.96	41.4	3088	485	0	Central nervous system	clade11sub8subsub0
2195	169.76	186.16	43.5	3268	489	0	Central nervous system	clade11sub8subsub0
2202	175.6	188.64	41.9	3269	497	0	Central nervous system	clade11sub8subsub0
2212	191.84	205.04	40.5	2797	73	0	Central nervous system	clade11sub23
2266	186.08	220.24	39.8	3306	534	0	Developing neurons	clade9sub17
2268	188.16	221.6	41.9	3481	517	0	Anterior nervous system	nocladesub19
2275	197.84	209.68	37.7	2630	389	0	Central nervous system	clade11sub9subsub4
2276	198.0	209.04	41.5	2447	391	0	Central nervous system	clade11sub9subsub4
2284	158.08	121.04	46.7	3655	564	0	Motile cilia	clade10sub13
2298	198.4	122.08	46.8	2988	537	0	Developing neurons	clade9sub16
2307	139.6	143.28	47.9	3878	635	0	Stem cells	clade3.1sub23
2314	174.4	132.64	45.3	3504	578	0	Midgut	clade7sub10
2315	177.2	140.4	46.1	3701	572	0	Motile cilia	clade11sub28subsub4
2316	177.12	144.32	43.7	3520	588	0	Heme/chitin	clade11sub23
2317	176.08	127.04	46.9	3866	598	0	Central nervous system	nocladesub22
2323	180.88	127.12	48.1	3868	600	0	Central nervous system	clade11sub8subsub1-4
2326	183.92	145.6	46.9	3728	592	0	Central nervous system	clade11sub37
2369	132.4	161.44	44.2	3742	640	0	Motile cilia	clade10sub19
2370	132.96	154.4	44.2	3349	641	0	Heme/chitin	clade13sub3
2384	180.56	148.16	45.7	3522	602	0	Central nervous system	clade11sub23
2386	187.2	148.0	44.8	3534	419	0	Central nervous system	clade11sub8subsub1-4
2387	189.2	146.88	48.3	3729	49	0	Central nervous system	clade11sub27subsub6
2388	192.48	146.0	47.4	3535	423	0	Central nervous system	clade11sub8subsub0
2392	202.56	152.16	43.2	3361	443	0	Central nervous system	clade11sub8subsub0
2393	204.48	149.6	45.4	3731	433	0	Central nervous system	clade11sub8subsub0
2395	207.44	154.08	45.5	3732	441	0	Central nervous system	clade11sub8subsub0
2397	209.12	150.72	44.5	3363	445	0	Central nervous system	clade11sub8subsub0
2401	213.92	151.52	44.4	3538	447	0	Central nervous system	clade11sub8subsub0
2402	214.0	157.36	46.7	3756	453	0	Central nervous system	clade11sub8subsub0
2406	214.32	153.92	47.0	3919	437	0	Central nervous system	clade11sub8subsub0
2408	220.32	153.12	43.2	3539	477	0	Central nervous system	clade11sub8subsub0
2410	221.12	154.0	45.4	3901	475	0	Central nervous system	clade11sub8subsub0
2431	126.88	172.96	46.9	3238	643	0	Motile cilia	clade10sub9
2434	134.8	180.64	46.2	3940	616	0	Central nervous system	clade11sub8subsub1-4
2435	137.84	176.48	47.9	3941	617	0	Central nervous system	clade11sub29subsub6
2436	139.2	173.84	44.4	3765	610	0	Central nervous system	clade11sub23
2438	140.48	177.2	44.0	3415	608	0	Central nervous system	clade11sub15subsub4
2439	139.28	183.6	43.4	1471	561	0	Motile cilia	clade11sub8subsub1-4
2440	141.2	168.96	46.3	3926	612	0	Developing neurons	clade9sub13
2443	143.76	172.88	46.5	3927	603	0	Central nervous system	clade11sub23
2445	147.68	167.92	46.1	3928	606	0	Motile cilia	clade11sub23
2522	168.4	196.24	45.5	3618	40	0	Central nervous system	clade11sub8subsub0
2524	171.44	194.0	46.1	3619	54	0	Central nervous system	clade11sub8subsub0
2525	172.08	190.8	44.8	3437	483	0	Central nervous system	clade11sub8subsub0
2527	172.72	188.24	46.9	3959	493	0	Central nervous system	clade11sub8subsub0
2528	175.84	200.32	45.1	3813	501	0	Developing neurons	clade11sub8subsub0
2529	176.24	187.76	44.7	3594	495	0	Central nervous system	clade11sub8subsub1-4
2530	175.92	194.72	45.9	3960	499	0	Central nervous system	clade11sub8subsub0
2592	180.72	211.76	46.6	3994	511	0	Central nervous system	clade11sub7subsub6
2611	159.68	123.52	50.2	4019	566	0	Motile cilia	clade4sub5
2628	137.92	145.12	50.0	3512	634	0	Motile cilia	clade10sub9
2632	152.24	128.24	50.8	4193	568	0	Motile cilia	clade10sub21
2633	154.24	126.32	48.8	4017	570	0	Motile cilia	clade10sub19
2645	176.4	132.8	47.8	4025	576	0	Central nervous system	clade11sub23
2646	178.48	137.76	48.4	3885	574	0	Motile cilia	clade11sub23
2648	177.92	128.72	50.6	4197	596	0	Central nervous system	clade9sub22
2649	179.2	136.48	50.9	4216	582	0	Motile cilia	clade11sub23
2650	178.72	142.24	51.3	4396	584	0	Central nervous system	clade11sub23
2651	178.8	144.88	47.7	3700	586	0	Central nervous system	clade11sub23
2652	183.12	142.24	49.7	4043	580	0	Central nervous system	clade11sub23
2692	130.8	160.16	46.9	3372	639	0	Motile cilia	clade10sub13
2693	132.0	155.36	48.3	4065	638	0	Motile cilia	clade4sub3
2694	132.88	155.6	51.0	4244	637	0	zero	clade4sub5
2695	133.84	147.6	48.0	3877	636	0	Motile cilia	clade10sub9
2703	152.0	157.84	48.5	3907	525	0	Epidermis	nocladesub20
2710	181.6	147.2	51.0	4411	594	0	Central nervous system	clade11sub23
2712	198.88	150.4	48.7	3898	451	0	Central nervous system	clade11sub8subsub0
2713	204.48	152.72	48.1	4059	431	0	Central nervous system	clade11sub8subsub0
2714	206.8	150.08	48.1	3899	12	0	Central nervous system	clade11sub8subsub0
2716	212.16	153.84	49.3	4238	435	0	Developing neurons	clade11sub8subsub0
2717	210.4	146.8	48.5	4237	10	0	Developing neurons	clade11sub8subsub0
2720	213.2	149.28	51.3	4239	449	0	Developing neurons	clade11sub8subsub0
2726	220.16	146.96	47.1	4061	461	0	Central nervous system	clade11sub8subsub0
2747	134.64	181.92	48.7	4104	615	0	Motile cilia	clade10sub14
2748	135.44	177.44	50.1	4277	614	0	Developing neurons	clade11sub6subsub7
2754	144.88	168.72	48.4	4085	604	0	Midgut	clade11sub23
2755	146.08	173.84	48.9	4086	613	0	Cardiovascular system	clade11sub29subsub6
2763	157.84	180.48	51.8	1901	562	0	Glia	clade2sub2
2811	151.76	197.6	53.3	4482	8	0	Central nervous system	clade11sub8subsub0
2825	172.16	198.48	48.0	4304	505	0	Developing neurons	clade11sub8subsub0
2829	173.28	201.36	51.8	4490	523	0	Central nervous system	clade11sub8subsub0
2830	177.28	202.8	48.3	4136	507	0	Central nervous system	clade11sub8subsub0
2831	177.12	199.84	52.4	4492	513	0	Central nervous system	clade11sub9subsub4
2832	176.64	205.76	51.5	4491	509	0	Central nervous system	clade11sub8subsub0
2836	180.4	197.2	51.3	4493	503	0	Developing neurons	clade11sub9subsub3
2913	199.04	121.68	53.1	2987	535	0	Central nervous system	clade11sub8subsub0
2922	217.2	123.36	56.2	4683	547	0	Central nervous system	clade11sub8subsub0
3075	147.84	199.44	54.7	4965	90	0	Central nervous system	clade11sub13subsub4
3080	156.24	201.76	56.8	4967	94	0	Central nervous system	clade11sub8subsub0
3087	175.52	201.2	54.2	4806	515	0	Central nervous system	clade11sub11subsub2-3
3113	225.76	197.36	54.6	4497	559	0	Anterior nervous system	clade11sub52
3127	179.76	217.92	54.3	4670	633	0	Central nervous system	clade11sub7subsub7
3129	182.32	215.68	56.1	4985	628	0	Central nervous system	clade11sub7subsub7
3154	149.52	122.16	61.7	5449	545	0	zero	clade5sub16
3155	150.96	119.6	59.8	5219	541	0	Epidermis	clade6sub15
3157	154.16	120.56	60.0	5220	539	0	zero	clade1sub12
3180	215.28	124.32	58.2	4853	549	0	Central nervous system	clade11sub7subsub6
3220	223.36	139.12	57.8	5039	253	0	Developing neurons	clade11sub7subsub6
3221	223.04	132.64	56.5	5040	255	0	Central nervous system	clade11sub7subsub6
3222	225.44	136.16	59.8	5279	251	0	Developing neurons	clade11sub7subsub6
3223	225.68	128.8	59.6	5254	248	0	Developing neurons	nocladesub19
3224	225.28	145.44	59.4	5506	236	0	Central nervous system	clade11sub7subsub7
3225	227.44	132.64	57.6	5041	244	0	Developing neurons	clade9sub16
3226	227.04	141.36	61.0	5077	249	0	Anterior nervous system	clade11sub48
3227	229.52	135.68	57.8	5078	246	0	Developing neurons	clade9sub16
3233	233.84	139.36	61.2	5507	232	0	Central nervous system	clade11sub48
3259	181.84	150.08	61.3	5300	698	0	Cardiovascular system	clade5sub7
3286	124.64	166.32	61.7	5558	648	0	Central nervous system	clade11sub21
3287	127.12	171.52	60.3	5343	647	0	Central nervous system	clade11sub6subsub8
3288	130.96	174.56	60.2	5345	645	0	Central nervous system	clade11sub6subsub8
3291	133.36	178.08	59.4	5366	646	0	Motile cilia	clade9sub12
3365	178.48	207.52	61.2	5629	618	0	Central nervous system	clade11sub7subsub7
3395	149.76	213.76	58.0	5414	551	0	Developing neurons	clade11sub25subsub5
3401	155.92	211.44	60.2	5416	228	0	Central nervous system	clade11sub7subsub6
3405	161.76	208.0	61.6	5862	226	0	Central nervous system	clade11sub7subsub6
3409	164.08	216.16	63.6	5662	213	0	Central nervous system	clade11sub48
3410	167.44	215.12	60.0	5435	211	0	Anterior nervous system	clade11sub48
3411	165.12	211.12	61.4	5188	218	0	Anterior nervous system	clade11sub48
3414	170.24	217.84	58.1	5191	225	0	Central nervous system	clade11sub8subsub1-4
3416	171.36	213.12	60.3	5421	223	0	Central nervous system	clade11sub7subsub7
3418	173.68	210.56	61.6	5864	619	0	Central nervous system	clade11sub8subsub1-4
3419	174.4	216.32	56.3	5194	631	0	Central nervous system	clade11sub7subsub7
3421	175.84	216.0	60.1	5422	629	0	Central nervous system	clade11sub45subsub0
3423	176.48	220.48	60.3	5664	630	0	Heme/chitin	nocladesub3
3424	178.24	218.4	57.0	5195	632	0	Central nervous system	clade11sub7subsub7
3435	198.56	209.2	61.5	5651	141	0	Central nervous system	clade11sub15subsub4
3436	201.92	212.56	60.5	5426	139	0	Developing neurons	clade11sub32subsub1
3444	151.44	117.76	66.0	5467	543	0	zero	clade4sub3
3491	177.92	140.72	63.2	5947	699	0	Heme/chitin	clade3.2sub17
3520	223.92	145.04	63.9	5530	238	0	Central nervous system	clade11sub48
3522	226.56	140.8	63.0	5737	257	0	Anterior nervous system	clade11sub48
3524	230.8	144.64	64.5	5759	240	0	Central nervous system	clade11sub48
3525	232.24	137.2	65.5	6224	230	0	Central nervous system	clade11sub8subsub0
3526	234.96	140.8	64.6	6225	88	0	Anterior nervous system	clade11sub48
3529	123.36	164.96	65.3	6017	649	0	Central nervous system	clade11sub6subsub8
3540	183.2	146.24	63.2	5752	697	0	Heme/chitin	clade1sub19
3545	188.8	147.52	66.3	5980	693	0	zero	clade5sub16
3587	124.64	176.24	64.8	5807	650	0	Central nervous system	clade10sub3subsub5-9
3611	150.16	186.56	67.0	6331	678	0	Central nervous system	clade11sub8subsub0
3633	184.48	183.92	66.0	6079	113	0	Cardiovascular system	clade7sub10
3677	153.28	190.4	67.2	6067	72	0	Somatic musculature	clade3.1sub48
3692	169.6	205.84	65.4	5853	626	0	Central nervous system	clade11sub8subsub8
3699	179.52	190.08	66.3	6339	117	0	Motile cilia	clade11sub17subsub6
3701	181.84	193.12	65.3	6603	119	0	Developing neurons	clade11sub4subsub6
3703	182.96	187.6	66.7	6340	115	0	Motile cilia	clade9sub11
3719	215.36	202.96	68.9	5858	381	0	Anterior nervous system	clade11sub30
3721	219.36	195.52	65.5	6101	555	0	Anterior nervous system	clade11sub56
3727	223.92	194.4	66.1	6342	557	0	Anterior nervous system	clade11sub45subsub1
3746	166.0	220.24	64.6	6117	62	0	Developing neurons	clade11sub48
3748	168.56	210.08	64.3	5647	222	0	Central nervous system	clade11sub48
3749	169.6	216.8	62.1	5876	61	0	Anterior nervous system	clade11sub48
3750	170.16	213.92	65.2	6120	216	0	Central nervous system	clade11sub48
3751	169.6	218.96	66.5	6392	63	0	Developing neurons	clade11sub8subsub0
3752	172.32	209.84	65.8	5865	620	0	Central nervous system	clade11sub8subsub8
3753	172.88	216.64	62.6	5877	215	0	Developing neurons	clade11sub48
3754	173.6	204.56	67.7	5628	624	0	Central nervous system	clade11sub7subsub6
3771	201.6	212.24	62.8	5870	137	0	Central nervous system	clade11sub15subsub4
3806	197.68	121.52	72.2	6934	67	0	Central nervous system	nocladesub19
3808	200.16	117.84	70.1	6932	55	0	Motile cilia	clade10sub3subsub5-9
3844	178.96	138.16	69.9	6980	702	0	Motile cilia	clade10sub24
3845	181.36	141.04	69.5	6465	701	0	Motile cilia	clade10sub14
3846	182.32	136.64	68.7	6466	700	0	Macrophage	nocladesub35
3848	181.6	145.52	68.0	6500	711	0	Motile cilia	clade10sub24
3851	186.96	143.52	67.7	6467	707	0	Gland cells	clade13sub9
3852	185.84	138.64	72.7	6215	709	0	Somatic musculature	clade3.2sub16
3855	190.32	140.64	69.2	6217	706	0	Somatic musculature	clade3.1sub11
3888	226.24	144.0	67.2	6255	242	0	Central nervous system	clade11sub8subsub0
3890	232.32	138.32	69.2	6479	57	0	Central nervous system	clade11sub8subsub0
3891	230.64	140.96	72.8	6478	86	0	Developing neurons	clade11sub48
3892	234.56	141.92	68.5	6737	59	0	Central nervous system	clade11sub48
3918	185.92	148.64	68.7	5751	692	0	Motile cilia	clade10sub24
3920	187.68	151.28	68.0	6248	695	0	zero	zero
3922	190.0	147.12	70.6	5953	694	0	Midgut	clade1sub12
3923	191.68	152.24	69.2	5754	696	0	Gland cells	clade5sub16
3933	206.32	162.24	69.0	6782	135	0	Developing neurons	clade11sub1subsub10
3944	220.72	164.64	68.6	6533	3	0	Central nervous system	clade11sub8subsub0
3945	222.8	162.56	71.8	6284	293	0	Central nervous system	clade11sub7subsub6
3948	226.8	161.04	68.9	6535	311	0	Adult eye	nocladesub7
3950	229.04	164.4	69.8	7033	317	0	Developing neurons	clade11sub4subsub7
3956	236.56	162.48	71.7	7265	309	0	Adult eye	nocladesub3
4004	186.72	186.32	68.3	6815	47	0	Stem cells	clade3.2sub17
4013	213.12	179.44	71.0	7299	109	0	Central nervous system	clade11sub15subsub4
4023	224.88	166.56	69.1	6568	21	0	Central nervous system	clade11sub15subsub4
4024	224.88	169.52	69.3	7059	82	0	Central nervous system	clade11sub15subsub4
4025	228.08	172.64	67.5	6307	84	0	Developing neurons	clade11sub15subsub4
4029	229.04	168.4	70.8	7288	315	0	Central nervous system	clade11sub8subsub1-4
4030	228.24	171.28	72.1	7289	313	0	Central nervous system	clade11sub15subsub4
4032	234.16	168.96	71.6	7290	319	0	Developing neurons	clade13sub7
4035	233.2	180.32	74.4	7514	725	0	Anterior nervous system	clade11sub27subsub7
4057	150.96	192.0	69.9	6620	677	0	Motile cilia	clade10sub9
4059	153.44	188.56	69.2	6826	69	0	Motile cilia	clade9sub16
4061	155.04	194.64	72.7	7308	676	0	Motile cilia	clade9sub11
4072	171.36	207.52	69.3	6844	625	0	Central nervous system	clade11sub7subsub6
4078	178.72	202.72	71.4	6878	623	0	Central nervous system	clade11sub9subsub3
4085	189.28	188.08	70.5	7077	13	0	Motile cilia	clade11sub22subsub7
4097	218.24	197.44	67.6	6859	385	0	Anterior nervous system	clade11sub30
4125	163.6	218.56	66.4	6642	220	0	Central nervous system	clade9sub16
4127	167.28	219.12	69.0	6118	65	0	Developing neurons	clade11sub48
4130	169.52	219.2	71.8	6654	209	0	Developing neurons	clade11sub48
4131	171.52	216.88	67.3	6875	621	0	Developing neurons	clade11sub48
4132	171.12	213.6	69.3	6374	622	0	Developing neurons	clade11sub7subsub6
4204	180.32	134.24	72.9	6977	703	0	Heme/chitin	clade3.1sub34
4205	181.2	130.8	75.7	6978	704	0	Somatic musculature	clade3.1sub11
4206	183.44	136.88	74.8	6951	710	0	Somatic musculature	clade3.1sub44
4258	144.88	163.44	76.2	7875	531	0	Cardiovascular system	nocladesub9
4263	148.96	162.88	76.7	7239	529	0	Gland cells	clade10sub10
4309	218.64	158.96	74.5	7260	305	0	Developing neurons	clade11sub8subsub0
4315	226.0	154.48	74.2	7261	291	0	Adult eye	nocladesub7
4317	226.16	158.08	71.4	6785	289	0	Adult eye	nocladesub7
4318	231.92	161.84	73.2	7263	295	0	Adult eye	nocladesub7
4380	230.8	174.88	74.5	7513	726	0	Central nervous system	clade11sub7subsub1-4
4396	149.28	197.92	76.2	7330	532	0	Motile cilia	clade10sub3subsub5-9
4399	151.92	199.28	75.1	7735	674	0	Motile cilia	clade10sub3subsub5-9
4400	152.0	193.44	74.7	7317	675	0	Motile cilia	clade10sub9
4402	155.44	190.8	75.4	7719	672	0	Somatic musculature	clade3.1sub11
4403	155.28	195.04	76.8	7538	673	0	Somatic musculature	clade3.1sub46
4432	193.28	201.6	76.5	7955	125	0	Central nervous system	clade11sub22subsub4
4433	196.08	207.28	76.0	7746	127	0	Central nervous system	clade11sub7subsub7
4546	177.6	130.16	80.0	7402	705	0	Somatic musculature	clade3.1sub14
4644	227.76	150.16	78.4	7870	297	0	Adult eye	clade11sub7subsub6
4646	230.32	155.04	80.8	8067	299	0	Adult eye	nocladesub7
4647	231.04	158.48	78.7	7481	301	0	Adult eye	nocladesub7
4648	233.2	163.36	78.5	8089	307	0	Anterior nervous system	clade11sub3subsub7
4703	220.56	175.2	81.0	8086	154	0	Anterior nervous system	clade11sub58
4704	222.88	172.8	80.3	8280	133	0	Anterior nervous system	clade9sub17
4706	222.8	185.92	80.0	8119	727	0	Central nervous system	clade11sub18subsub2
4778	219.28	188.16	79.8	8312	730	0	Central nervous system	nocladesub19
4784	228.32	188.24	79.2	8318	729	0	Anterior nervous system	nocladesub19
5001	221.84	178.48	83.2	8660	152	0	Anterior nervous system	clade11sub58
5048	203.28	200.56	84.1	8699	149	0	Anterior nervous system	clade11sub3subsub7
5049	203.2	205.36	84.6	8504	148	0	Anterior nervous system	clade11sub58
5054	206.16	204.16	85.7	8883	151	0	Anterior nervous system	clade11sub3subsub7
5060	211.68	191.2	83.0	8314	680	0	Central nervous system	clade11sub4subsub6
5066	216.8	194.32	84.9	8509	682	0	Motile cilia	clade10sub21
5067	217.2	197.2	82.7	8682	681	0	Motile cilia	clade10sub9
5068	217.92	191.92	81.9	8115	679	0	Developing neurons	nocladesub19
5069	219.12	197.68	85.4	8710	683	0	Motile cilia	clade10sub9
5071	223.2	195.6	83.6	8683	684	0	Motile cilia	nocladesub19
5225	224.88	164.88	91.7	9370	157	0	Developing neurons	clade11sub30
5279	227.44	171.6	91.6	9012	158	0	Anterior nervous system	clade11sub58
5320	210.72	195.28	88.6	9049	688	0	Central nervous system	clade10sub21
5321	212.24	189.2	89.3	9231	687	0	Developing neurons	clade9sub16
5325	216.48	191.6	89.6	8684	686	0	Motile cilia	clade10sub21
5326	221.68	191.52	87.4	8871	685	0	Motile cilia	clade10sub9
5564	205.28	195.84	94.1	9244	690	0	Central nervous system	clade11sub17subsub6
5565	208.88	194.0	94.5	9803	689	0	Developing neurons	clade10sub3subsub5-9
5567	212.4	187.2	94.0	9415	691	0	Central nervous system	clade11sub17subsub6
6078	132.08	124.16	143.6	11589	0	117	Central nervous system	clade11sub20subsub0-1-2-4-6
6720	195.84	167.2	119.6	12125	732	0	Stem cells	clade11sub23
6768	184.0	178.0	119.5	12795	733	0	Developing neurons	clade11sub23
6821	133.28	125.76	141.0	13515	0	132	Central nervous system	clade11sub11subsub1
6912	135.44	126.72	133.3	14010	0	1	Central nervous system	clade11sub6subsub8
7041	132.72	124.64	141.2	14732	0	131	Central nervous system	clade11sub11subsub0-4
7053	135.36	126.24	135.9	14351	0	152	Central nervous system	clade11sub11subsub1
7068	133.12	125.44	142.9	14337	0	110	Central nervous system	clade11sub17subsub6
7106	135.04	127.36	133.5	14752	0	144	Central nervous system	clade11sub20subsub0-1-2-4-6
7110	134.96	126.96	133.6	14197	0	145	Central nervous system	clade11sub42
7111	134.48	124.16	142.6	5021	0	106	zero	clade11sub11subsub2-3
7142	132.4	123.92	144.0	14209	0	100	Central nervous system	clade11sub6subsub8
7242	133.6	124.48	142.8	15317	0	103	Central nervous system	clade11sub11subsub0-4
7245	133.28	125.36	141.8	14943	0	107	Central nervous system	clade11sub11subsub0-4
7256	134.4	125.52	140.9	15161	0	134	Central nervous system	clade11sub11subsub1
7261	135.04	127.44	134.4	15325	0	149	Central nervous system	clade11sub11subsub1
7272	135.36	126.16	137.2	14970	0	158	Central nervous system	clade11sub20subsub0-1-2-4-6
7276	132.48	125.2	143.5	15331	0	114	Central nervous system	clade11sub11subsub0-4
7278	131.68	123.12	146.0	14738	0	124	Central nervous system	clade11sub22subsub4
7282	134.72	127.12	134.5	15150	0	150	Central nervous system	clade11sub22subsub4
7284	134.96	127.04	134.0	15167	0	146	Central nervous system	clade11sub11subsub0-4
7295	135.04	126.24	136.0	15183	0	155	Central nervous system	clade11sub27subsub8
7299	132.96	125.28	142.3	14996	0	105	Central nervous system	clade11sub11subsub2-3
7306	132.64	125.12	143.2	0	0	113		
7313	135.28	126.72	135.8	14998	0	25	Somatic musculature	clade3.1sub23
7380	129.2	121.44	148.9	15929	0	14	Central nervous system	clade11sub20subsub0-1-2-4-6
7381	129.28	119.92	150.2	15742	0	20	Central nervous system	clade11sub20subsub3
7392	129.04	122.0	148.7	15934	0	21	Central nervous system	clade11sub11subsub1
7404	135.36	124.88	139.0	15709	0	161	Gland cells	clade9sub4
7408	135.6	126.32	135.2	15321	0	151	Stem cells	clade11sub42
7420	134.56	125.44	141.2	15517	0	164	Central nervous system	clade11sub8subsub1-4
7421	124.56	117.6	154.9	15538	0	76	Central nervous system	clade11sub8subsub1-4
7424	129.12	122.32	148.8	15520	0	9	Central nervous system	clade11sub8subsub1-4
7426	128.88	120.72	149.8	15521	0	18	Central nervous system	clade11sub11subsub1
7427	129.12	122.4	148.2	15539	0	11	Central nervous system	clade11sub11subsub1
7430	128.8	121.68	148.5	15162	0	22	Central nervous system	clade11sub11subsub1
7431	133.12	124.88	142.4	16256	0	104	Central nervous system	clade11sub11subsub1
7436	122.4	115.76	157.8	16258	0	35	Central nervous system	clade11sub11subsub1
7437	129.28	121.76	149.4	15965	0	6	Central nervous system	clade11sub11subsub1
7439	122.72	116.16	159.1	16241	0	34	Central nervous system	clade11sub11subsub1
7443	129.04	121.6	148.3	15950	0	12	Central nervous system	clade11sub6subsub7
7446	135.2	127.44	134.6	15952	0	148	Central nervous system	clade11sub11subsub0-4
7447	132.32	124.8	143.3	15750	0	112	Central nervous system	clade11sub11subsub0-4
7448	135.04	127.52	134.2	15527	0	147	Central nervous system	clade11sub11subsub0-4
7450	133.12	125.44	141.5	15971	0	165	Central nervous system	clade11sub17subsub6
7452	135.28	126.64	136.0	15334	0	154	Somatic musculature	clade3.1sub7-16
7462	128.48	122.0	148.7	15768	0	16	Central nervous system	clade11sub11subsub1
7464	132.4	125.44	143.4	15769	0	115	Central nervous system	clade11sub11subsub0-4
7502	135.36	126.88	136.0	15581	0	153	Central nervous system	clade11sub11subsub0-4
7590	121.28	113.6	167.1	16473	0	68	Central nervous system	clade11sub20subsub0-1-2-4-6
7595	125.68	118.16	152.3	16223	0	80	Central nervous system	clade11sub11subsub0-4
7606	129.92	122.48	147.4	17157	0	2	Central nervous system	clade11sub17subsub6
7650	127.76	119.68	151.9	15962	0	83	Central nervous system	clade11sub11subsub1
7651	131.76	121.76	146.0	16841	0	123	Central nervous system	clade11sub20subsub3
7652	125.52	117.84	152.3	17152	0	81	Central nervous system	clade11sub11subsub1
7657	128.72	122.0	148.7	16843	0	3	Central nervous system	clade11sub11subsub1
7665	132.16	122.88	145.6	16827	0	120	Central nervous system	clade11sub11subsub0-4
7667	132.4	127.52	140.6	16513	0	140	Central nervous system	clade11sub11subsub0-4
7682	122.96	116.72	158.2	16871	0	33	Central nervous system	clade11sub11subsub0-4
7684	131.52	125.12	142.3	16558	0	130	Central nervous system	clade11sub11subsub2-3
7696	135.52	126.64	136.2	16255	0	157	Central nervous system	clade11sub20subsub3
7698	139.44	93.84	151.0	16298	0	43	Central nervous system	clade11sub22subsub4
7700	135.44	126.16	136.9	16563	0	159	Cardiovascular system	clade5sub7
7701	131.92	122.72	145.5	16880	0	121	Midgut	clade1sub3
7703	132.08	122.48	144.8	16010	0	118	Cardiovascular system	clade3.2sub13
7734	135.52	126.72	136.4	16902	0	156	Motile cilia	clade11sub17subsub6
7741	133.6	126.4	141.0	16882	0	133	Motile cilia	clade11sub22subsub4
7858	125.04	116.48	154.6	17515	0	88	Central nervous system	clade11sub11subsub0-4
7860	131.76	124.56	142.2	16791	0	129	Central nervous system	clade11sub17subsub6
7898	123.6	116.56	154.4	17164	0	77	Central nervous system	clade11sub20subsub3
7901	123.36	114.48	160.4	17556	0	93	Central nervous system	clade10sub11
7910	124.32	116.56	156.1	17570	0	30	Central nervous system	clade11sub20subsub3
7912	122.88	115.12	157.4	17915	0	36	Central nervous system	clade11sub20subsub0-1-2-4-6
7914	124.08	116.96	155.2	16842	0	41	Central nervous system	clade11sub20subsub3
7915	125.2	115.2	156.6	17573	0	91	Central nervous system	clade11sub11subsub1
7916	122.24	115.12	160.8	17538	0	70	Central nervous system	clade11sub20subsub3
7917	124.16	117.6	154.1	17928	0	45	Developing neurons	clade9sub8
7921	130.24	122.24	146.8	17930	0	96	Central nervous system	clade11sub22subsub4
7922	129.92	122.08	146.8	18340	0	97	Central nervous system	clade11sub22subsub4
7957	130.64	122.16	147.4	17237	0	94	Central nervous system	clade11sub22subsub4
7959	130.32	122.4	147.0	17239	0	99	Cardiovascular system	clade11sub22subsub5
8009	132.56	123.68	144.0	17656	0	101	Midgut	nocladesub22
8137	120.48	112.48	166.1	18287	0	67	Central nervous system	clade11sub34
8141	125.12	117.04	156.6	19038	0	75	Central nervous system	clade11sub11subsub1
8158	132.32	124.0	142.1	18316	0	128	Central nervous system	clade11sub17subsub6
8160	125.76	118.64	152.4	19071	0	79	Central nervous system	clade11sub17subsub6
8187	120.64	113.12	166.8	19083	0	26	Central nervous system	clade11sub21
8194	125.04	117.12	156.2	18725	0	90	Central nervous system	clade11sub8subsub1-4
8202	128.88	120.56	149.5	19086	0	19	Central nervous system	clade11sub20subsub0-1-2-4-6
8295	129.68	122.96	146.6	18787	0	24	Central nervous system	clade11sub11subsub2-3
8423	122.64	116.08	158.8	19681	0	73	Central nervous system	clade11sub11subsub2-3
8431	120.8	111.52	169.2	19360	0	53	Central nervous system	clade11sub11subsub0-4
8433	124.08	117.6	155.7	19989	0	74	Central nervous system	clade11sub11subsub2-3
8434	131.28	125.2	143.0	19957	0	141	Central nervous system	clade11sub11subsub0-4
8435	125.44	116.4	155.1	19375	0	85	Central nervous system	clade11sub11subsub2-3
8440	124.32	117.2	155.1	19671	0	40	Central nervous system	clade11sub17subsub6
8443	128.16	121.52	147.8	19686	0	23	Central nervous system	clade11sub17subsub6
8486	122.0	116.24	159.7	19704	0	71	Motile cilia	clade11sub18subsub6
8509	121.68	113.36	167.5	20058	0	61	Central nervous system	clade11sub11subsub0-4
8553	126.32	118.8	152.5	19493	0	78	Central nervous system	clade11sub4subsub9
8559	132.24	123.6	143.9	19183	0	102	Developing neurons	clade9sub11
8639	123.92	116.8	155.2	21066	0	44	Central nervous system	clade11sub11subsub2-3
8649	119.52	111.76	169.3	20241	0	49	Central nervous system	clade11sub17subsub6
8660	120.48	111.36	166.4	21073	0	4	Central nervous system	clade11sub11subsub0-4
8661	123.6	116.32	158.0	20526	0	39	Central nervous system	clade11sub17subsub6
8663	122.8	114.32	161.1	20527	0	69	Central nervous system	clade11sub17subsub6
8696	123.36	116.08	157.8	20541	0	38	Central nervous system	clade11sub11subsub1
8719	122.32	111.28	166.8	21129	0	58	Central nervous system	clade11sub11subsub2-3
8725	124.72	116.08	154.8	21117	0	89	Central nervous system	clade11sub6subsub10
8729	122.08	115.6	159.7	20610	0	72	Central nervous system	clade11sub4subsub6
8830	121.28	113.12	167.6	21718	0	27	Central nervous system	clade11sub11subsub0-4
8832	119.84	112.48	169.5	21050	0	47	Motile cilia	clade10sub9
8838	120.32	112.0	168.9	21303	0	51	Central nervous system	clade11sub17subsub6
8839	121.12	112.0	168.8	21734	0	62	zero	zero
8841	120.8	111.76	169.8	20772	0	167	Somatic musculature	clade3.1sub6
8842	121.28	112.0	169.3	21084	0	55	Enteric nervous system	clade11sub6subsub10
8856	121.12	110.56	168.7	21322	0	57	Central nervous system	clade11sub11subsub0-4
8979	118.4	113.68	166.7	16213	0	65	Somatic musculature	clade3.1sub50
8999	121.36	110.56	168.4	22141	0	63	Central nervous system	clade11sub11subsub0-4
9000	119.6	112.48	169.2	21537	0	52	Central nervous system	clade11sub8subsub1-4
9006	121.84	111.6	168.9	22338	0	56	Central nervous system	clade11sub11subsub1
9010	121.12	111.52	168.5	21950	0	64	Macrophage	clade13sub12
9035	120.48	111.84	168.7	19781	0	54	Gland cells	clade1sub12
9264	120.88	111.44	169.7	23368	0	46	Central nervous system	clade11sub11subsub1
10174	103.44	86.4	221.2	26011	735	0	Central nervous system	clade11sub9subsub3
10340	101.2	92.56	222.4	26818	736	0	Central nervous system	clade11sub8subsub0
