label_id	anchor_x	anchor_y	anchor_z	bb_min_x	bb_min_y	bb_min_z	bb_max_x	bb_max_y	bb_max_z	n_points	n_traces	trust	nucleus_id	traces
211	129.46	122.25	149.21	91.49	107.12	130.90	170.48	153.55	168.00	680	1	unique-close	211	158
251	121.20	111.52	168.52	104.69	101.22	105.74	160.38	209.12	175.72	1096	1	curated	251	243
257	135.35	126.64	136.09	125.80	106.64	132.17	156.90	140.68	163.40	258	1	unique-close	257	61
291	122.15	112.09	166.97	100.56	75.87	158.59	136.23	146.32	178.85	1366	1	curated	291	232
5094	89.40	98.59	206.28	89.40	92.11	88.70	207.76	103.52	212.50	34	1	unique-close	5094	275
5194	121.28	112.01	169.32	91.88	109.84	89.60	159.52	149.86	204.39	1254	1	unique-close	5194	252
5200	116.84	111.55	179.56	89.30	93.72	88.30	176.08	157.27	195.88	504	1	unique-close	5200	263
5629	90.87	105.85	201.10	90.87	105.85	95.00	207.76	118.29	206.90	98	1	unique-close	5629	273
5872	116.93	112.27	179.66	89.44	97.13	103.10	182.80	170.95	184.26	906	1	unique-close	5872	264
5882	108.97	115.69	184.21	91.88	110.32	103.50	212.56	149.86	211.47	936	1	unique-close	5882	269
5908	107.15	132.82	166.58	101.87	127.76	100.90	166.48	133.76	166.58	24	1	unique-close	5908	228
5909	109.21	128.98	163.53	109.21	122.14	104.30	167.28	132.80	168.52	176	1	unique-close	5909	222
6078	129.99	122.14	146.89	127.65	108.97	105.80	149.06	131.28	147.92	224	1	curated	6078	134
6093	109.94	104.76	157.67	109.62	104.76	109.10	164.96	114.65	163.67	86	1	unique-close	6093	204
6096	199.63	159.69	34.00	79.60	76.89	21.02	223.12	204.11	254.17	92986	1	unique-close	6096	3
6105	104.59	135.66	144.22	104.59	111.36	108.40	178.80	137.20	178.09	334	1	unique-close	6105	118
6109	119.68	106.14	199.45	109.84	84.37	108.30	191.52	122.71	200.48	584	1	unique-close	6109	272
6118	96.53	94.94	207.51	96.53	94.94	105.00	212.72	107.84	214.49	52	1	unique-close	6118	276
6141	105.40	139.77	147.47	105.21	128.24	107.60	154.48	140.36	153.64	122	1	unique-close	6141	140
6153	108.38	143.86	169.66	108.38	115.69	106.60	173.28	147.68	169.66	160	1	unique-close	6153	255
6321	120.29	106.72	157.62	119.12	70.33	113.60	167.45	113.21	161.38	630	1	unique-close	6321	203
6367	116.88	110.22	197.20	112.44	104.70	112.00	206.40	114.16	218.20	260	1	unique-close	6367	271
6571	128.72	121.28	150.16	119.30	98.18	118.40	138.72	122.60	150.66	218	1	unique-close	6571	166
6578	117.50	111.59	179.51	114.92	97.16	118.30	165.92	113.77	180.61	312	1	unique-close	6578	262
6607	147.43	97.66	143.75	103.52	97.66	116.60	154.00	126.48	217.73	1322	1	unique-close	6607	111
6620	118.43	110.60	179.74	104.15	76.20	115.00	183.52	117.77	181.51	596	1	unique-close	6620	265
6627	125.39	117.48	152.83	114.54	102.20	115.00	202.08	122.80	202.44	1196	1	unique-close	6627	176
6628	119.76	113.42	166.05	105.82	107.36	116.00	209.92	130.08	215.85	1420	1	unique-close	6628	224
6638	129.09	121.25	148.15	109.44	96.16	105.66	133.11	150.56	199.45	1186	1	unique-close	6638	143
6651	130.93	124.06	145.38	117.57	122.10	115.10	145.28	143.60	146.33	286	1	unique-close	6651	122
6652	135.60	126.67	136.29	113.83	118.60	117.40	147.28	147.68	156.27	336	1	unique-close	6652	62
6653	128.48	121.77	148.85	108.33	116.85	100.68	153.12	149.96	164.46	678	1	unique-close	6653	153
6812	125.15	117.08	156.63	122.69	97.51	123.60	158.64	120.28	159.76	340	1	unique-close	6812	199
6814	120.49	112.53	166.15	110.34	101.84	122.50	158.80	121.78	218.16	704	1	unique-close	6814	226
6821	132.36	124.86	143.37	118.40	113.85	120.70	150.80	128.94	146.20	264	1	curated	6821	103
6837	131.78	121.76	146.06	118.12	104.08	123.20	152.32	137.10	152.73	334	1	unique-close	6837	126
6841	122.05	113.45	167.52	118.79	109.35	124.00	158.48	121.28	188.25	270	1	unique-close	6841	239
6842	106.54	116.80	152.85	106.54	116.79	120.10	160.24	127.84	157.72	98	1	unique-close	6842	177
6861	118.19	109.30	184.24	108.16	100.57	103.26	137.08	141.57	220.99	1166	1	unique-close	6861	270
6870	135.41	126.92	136.04	120.62	125.70	121.10	136.72	146.36	143.03	146	1	unique-close	6870	59
6871	135.37	126.28	135.99	106.71	117.22	120.20	137.44	148.48	136.44	326	1	unique-close	6871	58
6876	133.13	125.45	141.56	114.00	110.26	122.20	156.80	131.60	179.98	436	1	unique-close	6876	83
6912	135.51	126.75	133.38	122.80	112.14	116.02	150.80	170.16	136.98	844	1	curated	6912	48
6924	133.64	126.42	141.04	122.43	119.88	122.50	147.12	152.57	147.06	238	1	unique-close	6924	77
7041	132.84	125.69	142.75	100.64	97.04	128.90	153.76	138.38	154.76	334	1	curated	7041	97
7044	130.85	91.57	160.65	129.36	89.49	129.90	162.96	102.35	170.95	80	1	unique-close	7044	217
7049	132.13	124.21	143.66	111.20	116.71	112.71	140.51	125.11	143.76	274	1	unique-close	7049	106
7053	133.32	125.81	141.04	116.48	85.37	124.35	142.11	130.91	154.14	386	1	curated	7053	76
7067	135.06	127.46	134.49	122.33	109.12	125.70	139.04	129.12	135.24	122	1	unique-close	7067	53
7074	124.34	116.62	156.13	114.03	108.26	128.40	153.12	120.20	197.57	758	1	unique-close	7074	196
7076	125.23	115.22	156.61	121.37	106.16	126.60	155.92	117.54	157.06	144	1	unique-close	7076	198
7098	129.02	150.64	84.90	108.24	128.67	84.90	139.36	150.76	150.44	610	1	unique-close	7098	21
7106	131.74	123.14	146.06	100.17	104.14	129.00	142.35	136.24	156.25	436	1	curated	7106	127
7110	132.12	123.26	145.36	125.92	121.61	107.85	137.12	148.32	147.20	378	1	curated	7110	121
7142	125.69	118.17	152.38	115.45	90.16	95.92	136.55	160.32	220.25	2096	1	curated	7142	173
7242	127.76	119.69	151.93	114.53	93.12	88.56	157.94	126.73	156.79	882	1	curated	7242	170
7245	138.72	98.70	143.80	131.01	98.70	130.70	148.56	113.18	154.92	260	1	unique-close	7245	112
7256	132.54	125.27	143.55	113.76	111.77	131.80	138.97	126.83	145.15	192	1	curated	7256	105
7261	131.83	124.58	142.22	117.97	93.45	134.40	137.08	133.86	152.39	370	1	curated	7261	89
7263	150.23	111.41	99.55	119.29	111.24	99.10	150.36	121.60	162.89	362	1	unique-close	7263	35
7271	134.80	127.17	134.54	98.39	110.63	133.60	149.39	138.67	155.28	232	1	unique-close	7271	54
7272	131.42	125.57	141.84	110.44	118.80	130.30	137.26	132.97	152.97	194	1	curated	7272	85
7276	130.67	122.17	147.44	120.76	101.28	134.50	145.68	141.60	151.20	362	1	curated	7276	139
7277	141.18	98.25	148.60	133.92	98.25	134.50	148.08	110.71	149.62	326	1	unique-close	7277	148
7278	133.18	124.95	142.41	122.18	88.63	130.50	147.76	133.61	152.99	636	1	curated	7278	93
7280	130.29	122.25	146.89	129.88	108.72	134.70	151.20	127.44	148.98	264	1	unique-close	7280	135
7282	131.60	125.13	142.34	102.37	103.52	107.52	155.28	133.53	151.91	510	1	curated	7282	92
7284	133.26	124.73	142.43	132.89	112.88	133.30	153.84	124.86	143.00	34	1	curated	7284	94
7295	134.43	126.45	141.04	109.28	115.43	132.60	145.48	142.16	146.17	254	1	curated	7295	78
7299	125.48	116.44	155.13	112.96	96.40	129.79	139.45	142.96	159.82	608	1	curated	7299	185
7304	133.93	130.32	131.19	125.20	113.06	101.70	154.63	158.51	139.50	828	1	unique-close	7304	47
7305	129.34	122.51	146.81	128.49	119.62	99.41	146.19	129.92	151.18	440	1	unique-close	7305	132
7306	123.43	114.55	160.46	108.42	73.30	130.00	150.13	142.24	160.51	900	1	curated	7306	216
7373	129.19	122.45	148.29	118.45	71.49	137.40	158.83	130.20	167.91	1052	1	unique-close	7373	145
7396	141.77	95.79	143.75	141.73	95.79	138.60	148.40	104.61	149.74	74	1	unique-close	7396	110
7401	134.49	124.18	142.61	126.29	87.95	129.97	154.96	131.08	153.11	562	1	unique-close	7401	96
7402	128.87	122.54	148.92	113.38	79.12	135.80	156.72	129.99	182.92	830	1	unique-close	7402	154
7404	131.32	125.21	143.07	128.38	81.92	138.20	161.52	126.98	159.45	254	1	curated	7404	100
7406	132.97	125.33	142.31	114.36	102.16	134.67	158.00	136.48	154.46	494	1	unique-close	7406	91
7408	132.80	124.69	141.22	131.31	98.64	128.39	166.00	126.62	143.38	346	1	curated	7408	79
7420	135.06	127.42	133.59	108.88	96.20	112.80	149.41	141.52	144.90	390	1	curated	7420	49
7421	121.86	111.64	168.93	100.59	96.00	99.72	164.26	127.31	173.30	1374	1	curated	7421	247
7422	138.36	131.11	101.08	110.48	103.35	87.86	147.40	147.27	206.57	1538	1	unique-close	7422	43
7425	144.87	105.03	108.75	111.01	105.03	108.75	144.87	145.15	140.80	334	1	unique-close	7425	46
7431	125.86	118.46	152.33	119.20	107.58	110.74	155.35	148.28	155.38	762	1	curated	7431	172
7433	155.51	114.72	87.53	119.44	110.70	87.53	158.85	127.46	165.11	496	1	unique-close	7433	23
7436	150.49	115.05	89.22	123.04	102.85	89.22	159.45	124.98	186.14	458	1	unique-close	7436	27
7437	120.49	111.44	166.47	111.30	87.16	138.00	145.50	119.60	223.88	630	1	curated	7437	227
7439	129.21	121.47	148.94	89.96	101.07	137.89	135.86	154.26	162.87	1074	1	curated	7439	155
7440	132.31	123.61	143.94	113.83	114.72	122.29	140.05	152.95	158.04	742	1	unique-close	7440	113
7446	132.40	124.02	142.19	123.31	93.59	137.29	153.84	130.63	157.71	304	1	curated	7446	88
7447	125.52	114.84	156.76	108.73	108.78	139.00	157.12	118.24	157.06	370	1	curated	7447	200
7448	132.83	124.34	141.84	117.94	107.60	133.59	157.04	130.77	168.72	258	1	curated	7448	84
7450	135.04	127.02	133.69	120.16	80.94	129.94	159.36	143.29	151.78	438	1	curated	7450	50
7452	134.46	125.59	140.99	113.09	104.96	135.47	172.96	130.69	143.21	162	1	curated	7452	74
7464	130.76	122.40	147.34	109.60	119.45	137.50	136.86	137.01	151.52	256	1	curated	7464	137
7558	142.91	92.09	143.75	133.61	77.44	140.70	152.32	92.09	149.78	262	1	unique-close	7558	108
7590	120.13	113.14	169.70	105.26	97.28	142.70	129.28	122.78	190.34	550	1	curated	7590	256
7595	122.20	111.75	167.04	100.59	91.20	140.10	134.16	123.04	171.57	636	1	curated	7595	234
7602	133.35	125.39	141.86	132.92	97.04	135.73	145.99	126.78	147.70	212	1	unique-close	7602	86
7606	129.93	122.54	147.41	124.45	92.80	111.20	146.79	150.28	150.70	718	1	curated	7606	138
7623	123.66	116.36	158.06	119.01	89.52	142.40	167.84	123.79	167.00	330	1	unique-close	7623	208
7642	133.48	133.51	95.42	105.44	105.63	95.38	146.36	144.71	182.66	938	1	unique-close	7642	31
7647	131.64	125.19	141.54	112.24	105.04	108.52	152.32	127.93	148.70	404	1	unique-close	7647	82
7650	121.39	110.64	168.47	93.62	94.84	140.10	126.91	125.87	195.24	772	1	curated	7650	242
7651	133.64	124.52	142.86	99.94	98.61	136.22	140.75	138.21	154.54	534	1	curated	7651	98
7652	121.74	113.38	167.53	105.92	76.53	143.90	135.19	132.52	175.60	678	1	curated	7652	240
7656	135.01	127.05	134.04	126.19	107.02	128.18	152.39	136.43	146.90	276	1	unique-close	7656	51
7657	128.76	122.03	148.76	121.23	101.14	110.94	155.72	127.76	151.26	1078	1	curated	7657	150
7661	147.01	98.36	146.44	109.76	90.45	140.10	149.36	121.05	231.24	974	1	unique-close	7661	130
7665	132.45	123.99	144.04	122.64	105.04	129.82	157.36	147.07	149.30	278	1	curated	7665	115
7667	132.16	122.89	145.66	130.11	109.36	140.91	158.80	129.34	146.86	212	1	curated	7667	124
7683	132.59	144.73	81.67	100.88	123.36	81.67	144.96	150.28	145.60	320	1	unique-close	7683	17
7684	133.12	125.48	143.00	102.40	111.03	131.13	139.30	139.28	148.02	312	1	curated	7684	99
7696	131.75	125.00	141.99	117.28	107.00	98.38	137.12	154.64	146.00	412	1	curated	7696	87
7698	128.23	121.53	147.81	116.76	93.23	140.70	147.60	146.88	159.55	620	1	curated	7698	141
7700	132.82	125.84	140.69	114.01	118.48	120.77	138.99	145.44	145.90	276	1	curated	7700	69
7701	132.58	123.69	144.01	123.76	113.86	125.51	148.11	148.78	150.68	530	1	curated	7701	114
7703	130.07	121.81	146.84	126.27	115.06	141.10	158.80	150.48	150.04	84	1	curated	7703	133
7734	132.75	124.87	141.04	114.80	113.56	116.17	134.41	154.16	157.65	334	1	curated	7734	75
7741	132.69	125.19	143.30	125.87	103.53	135.24	142.34	148.80	151.20	292	1	curated	7741	102
7807	155.90	71.83	161.39	147.90	70.35	147.90	193.70	84.26	176.49	696	1	unique-close	7807	220
7858	125.07	116.51	154.61	119.97	90.56	144.78	137.62	126.65	168.51	561	2	curated	7858	181;237
7860	132.35	125.46	142.56	130.51	88.88	136.38	147.04	128.37	150.10	176	1	curated	7860	95
7898	121.17	110.59	168.73	101.25	75.61	145.00	149.92	121.45	173.19	716	1	curated	7898	244
7901	122.70	116.15	158.88	109.20	103.12	108.61	134.36	151.03	161.59	1124	1	curated	7901	211
7912	128.48	122.02	148.77	107.10	103.12	139.00	140.19	140.82	153.20	438	1	curated	7912	151
7914	129.09	122.02	148.76	110.98	97.01	139.84	139.26	137.15	157.46	972	1	curated	7914	149
7915	122.08	116.28	159.73	117.66	105.18	146.40	144.94	132.71	160.41	406	1	curated	7915	214
7916	119.95	112.06	169.03	104.79	102.70	100.60	156.56	121.29	178.59	1412	1	curated	7916	249
7917	135.32	126.78	135.83	113.03	96.84	125.77	147.88	146.38	193.62	1664	1	curated	7917	57
7921	124.63	117.61	154.93	107.35	71.35	141.46	214.15	126.55	180.65	1748	1	curated	7921	183
7922	123.66	116.58	154.43	102.90	106.88	96.24	165.94	123.29	158.73	1142	1	curated	7922	180
7957	124.12	117.64	155.78	115.86	95.76	145.70	136.56	143.60	160.58	518	1	curated	7957	192
7959	125.83	118.69	152.43	125.35	97.83	99.34	152.57	138.96	152.69	1034	1	curated	7959	174
8009	125.59	117.89	152.33	106.01	105.22	97.55	164.23	157.20	204.60	1476	1	curated	8009	171
8137	119.88	112.55	169.57	113.51	85.52	56.48	142.52	176.71	170.12	1188	1	curated	8137	254
8158	133.57	125.18	141.51	124.16	94.96	110.67	155.76	145.79	154.20	720	1	curated	8158	81
8160	123.18	110.71	167.08	115.16	95.46	152.70	157.76	124.90	171.37	484	1	curated	8160	235
8191	152.34	119.57	85.00	106.56	118.19	85.00	157.75	127.75	154.90	310	1	unique-close	8191	22
8194	125.10	117.15	156.26	85.77	101.20	111.15	142.48	132.58	192.40	1180	2	curated	8194	197;218
8202	128.91	120.60	149.51	116.96	70.70	140.61	187.35	125.60	176.34	2142	1	curated	8202	161
8236	142.76	119.00	84.78	91.84	118.39	84.78	157.92	130.56	161.00	246	1	unique-close	8236	20
8240	138.40	131.39	99.45	97.12	124.16	83.77	155.19	148.01	158.60	720	1	unique-close	8240	34
8423	120.83	111.56	169.23	113.12	94.56	87.66	134.22	154.13	169.98	1220	1	curated	8423	250
8431	123.00	116.76	158.23	101.20	85.68	146.22	145.12	126.71	162.14	474	1	curated	8431	209
8433	120.50	111.88	168.78	107.52	96.64	159.10	142.64	126.12	209.18	1406	1	curated	8433	245
8434	131.95	122.75	145.51	124.97	88.80	142.06	145.28	142.28	163.50	160	1	curated	8434	123
8435	118.45	113.71	166.76	113.94	90.96	104.50	146.08	151.76	174.61	1106	1	curated	8435	229
8440	129.28	119.93	150.21	125.49	89.12	139.17	150.00	123.69	161.90	328	1	curated	8440	167
8463	138.32	131.23	99.55	96.96	118.68	63.83	176.53	149.53	162.60	1300	1	unique-close	8463	36
8486	120.34	112.07	168.97	113.20	93.99	153.49	154.64	130.14	171.21	602	1	curated	8486	248
8509	124.13	116.99	155.20	105.28	105.88	150.54	134.94	142.24	171.83	646	1	curated	8509	189
8553	122.36	111.34	166.88	106.29	106.62	149.33	137.13	163.20	167.85	652	1	curated	8553	231
8639	129.73	122.98	146.66	112.48	94.40	83.10	158.42	152.48	168.70	1436	1	curated	8639	131
8663	119.58	111.77	169.38	89.85	93.20	104.81	152.72	157.80	170.32	1768	1	curated	8663	253
8696	128.94	120.74	149.81	118.32	103.76	75.04	139.51	158.11	168.00	1162	1	curated	8696	163
8719	123.39	116.11	157.86	103.92	108.22	145.71	137.47	149.92	167.60	452	1	curated	8719	207
8725	124.78	116.14	154.86	108.88	101.86	106.29	148.50	144.48	169.00	1210	2	curated	8725	182;219
8729	119.67	112.54	169.28	96.90	104.47	162.40	132.27	150.32	174.99	468	1	curated	8729	251
8830	129.29	121.81	149.46	115.20	89.84	139.89	136.62	128.12	214.25	804	1	curated	8830	160
8832	121.33	113.17	167.68	112.34	88.72	160.05	141.12	128.64	171.30	762	1	curated	8832	241
8839	124.35	117.59	155.15	115.19	93.84	133.86	150.96	131.16	185.38	924	1	curated	8839	187
8841	135.06	127.57	134.24	129.80	84.00	134.04	166.64	131.84	174.60	180	1	curated	8841	52
8842	122.42	115.78	157.81	102.33	95.52	141.52	173.36	128.09	179.71	560	1	curated	8842	205
8856	123.07	115.42	157.56	99.36	110.20	103.30	160.21	137.10	170.30	1050	1	curated	8856	202
8979	124.23	117.65	154.15	123.48	82.16	78.86	136.96	154.33	182.50	1056	1	curated	8979	179
8999	139.49	93.87	151.01	93.44	79.60	136.10	215.25	127.15	178.20	1728	1	curated	8999	168
9000	123.36	115.83	157.83	95.28	102.88	148.94	131.24	130.81	178.60	334	1	curated	9000	206
9006	122.93	115.17	157.46	102.48	107.44	101.78	154.78	126.28	179.60	984	1	curated	9006	201
9010	123.95	116.86	155.20	106.90	104.93	105.07	149.07	123.26	178.00	1028	1	curated	9010	188
9035	122.73	116.24	159.13	104.52	107.34	140.64	204.24	146.88	213.36	902	1	curated	9035	213
9121	138.66	117.26	150.16	113.25	79.60	136.10	214.44	125.18	184.40	1364	1	unique-close	9121	165
9264	120.71	113.18	166.82	101.40	99.70	155.58	129.46	128.34	189.70	654	1	curated	9264	230
20001	183.59	182.05	32.62	175.20	165.33	32.62	184.83	182.05	48.60	398	1	none	0	1
20002	199.50	160.04	33.98	133.31	135.10	31.79	199.50	179.27	108.67	2422	1	none	0	2
20004	194.24	165.96	34.08	183.34	146.37	33.11	194.24	165.96	55.68	362	1	none	0	4
20005	202.08	167.64	34.80	180.48	164.07	34.80	203.00	185.01	45.01	932	1	none	0	5
20006	197.09	167.22	35.42	157.01	120.09	35.42	197.11	167.22	93.71	1050	1	none	0	6
20007	204.94	159.71	35.73	191.58	158.86	35.73	204.94	173.47	44.51	554	1	none	0	7
20008	190.52	161.25	36.15	184.60	151.38	36.15	190.52	161.68	50.84	210	1	none	0	8
20009	198.19	163.22	36.75	190.12	162.03	36.75	198.19	164.01	38.13	46	1	none	0	9
20010	212.09	158.49	37.05	167.61	153.74	36.51	220.32	204.15	78.03	1888	1	none	0	10
20011	193.29	160.39	37.85	184.88	151.16	37.85	193.29	161.09	51.74	248	1	none	0	11
20012	197.66	159.43	38.05	186.99	155.75	38.05	197.66	159.43	52.68	130	1	none	0	12
20013	171.43	172.35	40.23	171.43	172.27	39.70	190.54	179.66	46.42	684	1	none	0	13
20014	199.29	160.57	40.50	189.39	149.07	40.42	199.30	160.57	57.02	298	1	none	0	14
20015	200.54	156.00	40.98	190.64	156.00	35.23	202.25	173.03	43.90	270	1	none	0	15
20016	128.44	144.00	81.67	128.44	136.13	81.67	141.35	151.48	127.65	504	1	none	0	16
20018	129.25	148.95	81.67	126.19	127.35	81.67	147.19	155.77	134.95	780	1	none	0	18
20019	132.55	147.56	84.30	132.03	144.68	84.30	139.57	149.08	102.99	60	1	none	0	19
20024	153.21	122.60	88.28	143.79	118.90	88.28	156.15	124.67	109.89	106	1	none	0	24
20025	155.14	117.16	88.80	155.14	117.16	71.16	166.36	124.99	93.39	132	1	none	0	25
20026	153.21	122.64	88.98	120.69	94.60	88.98	155.83	124.75	208.71	506	1	none	0	26
20028	127.12	154.12	90.92	127.12	154.12	90.92	129.35	160.98	96.43	22	1	none	0	28
20029	154.13	118.16	91.67	152.77	118.16	72.20	165.89	125.82	99.27	204	1	none	0	29
20030	133.15	133.33	95.42	130.20	132.29	95.42	136.16	150.36	105.40	278	1	none	0	30
20032	138.68	130.50	99.05	129.36	122.39	43.56	167.19	145.46	111.47	1814	1	none	0	32
20033	138.05	131.49	99.20	130.15	125.68	94.88	143.46	140.51	144.90	852	1	none	0	33
20037	138.49	131.53	99.55	138.10	112.85	88.72	154.44	153.91	103.08	850	1	none	0	37
20038	138.01	131.65	100.03	135.30	127.58	98.42	147.95	155.69	111.12	482	1	none	0	38
20039	138.23	132.19	100.03	134.20	127.60	40.45	152.50	160.59	101.80	1084	1	none	0	39
20040	138.71	131.31	101.03	136.09	122.22	53.48	166.53	148.45	126.33	1164	1	none	0	40
20041	138.50	131.82	101.03	137.14	111.97	94.53	155.15	144.43	101.35	508	1	none	0	41
20042	138.20	134.69	101.08	134.20	127.60	40.45	152.50	160.59	102.32	936	1	none	0	42
20044	138.11	131.35	101.48	133.44	118.03	58.27	213.74	188.87	103.75	1580	1	none	0	44
20045	138.76	132.39	102.83	134.58	113.55	73.40	157.83	163.11	105.98	780	1	none	0	45
20055	135.24	127.47	134.69	132.67	113.61	130.34	148.33	130.15	143.36	160	1	none	0	55
20056	135.66	126.34	135.29	126.09	105.09	131.28	155.84	139.48	156.09	382	1	none	0	56
20060	135.11	126.30	136.09	108.92	115.92	136.09	139.23	133.64	148.75	274	1	none	0	60
20063	135.54	126.73	136.44	116.05	107.12	135.19	146.75	146.44	148.89	344	1	none	0	63
20064	135.51	126.17	136.99	124.45	112.22	135.41	146.70	144.09	144.35	278	1	none	0	64
20065	135.85	126.57	137.19	114.04	119.39	120.01	145.55	145.19	139.67	364	1	none	0	65
20066	135.37	126.24	137.29	130.93	115.60	132.81	141.62	132.24	138.62	214	1	none	0	66
20067	135.39	124.93	139.04	134.36	100.20	133.87	154.65	128.23	140.16	224	1	none	0	67
20068	132.41	127.56	140.62	127.79	108.02	140.17	154.16	133.22	146.74	154	1	none	0	68
20070	134.60	125.77	140.74	134.06	122.03	139.84	139.31	129.05	149.92	108	1	none	0	70
20071	134.33	125.88	140.74	113.15	123.59	135.95	136.70	130.70	143.11	128	1	none	0	71
20072	132.81	127.85	140.97	132.10	126.44	138.17	132.94	129.17	143.00	52	1	none	0	72
20073	132.43	125.21	140.99	121.26	113.50	101.93	135.69	140.31	159.96	386	1	none	0	73
20080	134.59	125.45	141.29	107.64	122.19	138.16	139.02	130.53	145.82	184	1	none	0	80
20090	133.20	125.44	142.26	126.47	124.18	141.78	134.49	133.50	143.72	106	1	none	0	90
20101	133.10	125.14	143.16	132.68	124.00	142.91	133.43	125.67	143.56	36	1	none	0	101
20104	132.42	125.49	143.45	110.54	88.89	137.81	140.26	136.51	154.29	368	1	none	0	104
20107	148.78	91.64	143.75	133.54	81.14	143.75	148.79	91.64	146.21	124	1	none	0	107
20109	145.19	94.96	143.75	134.31	94.96	143.75	145.19	124.07	152.66	410	1	none	0	109
20116	132.86	123.85	144.14	132.58	123.21	141.47	134.89	125.42	144.29	54	1	none	0	116
20117	151.48	96.53	144.22	123.47	96.53	144.22	151.48	103.29	173.29	668	1	none	0	117
20119	131.25	122.62	144.26	118.67	114.79	110.71	150.02	138.26	145.71	516	1	none	0	119
20120	132.10	122.49	144.86	124.78	114.25	133.51	147.74	142.71	145.91	268	1	none	0	120
20125	132.19	122.73	145.91	121.62	122.19	135.37	136.46	148.18	163.02	338	1	none	0	125
20128	147.38	93.65	146.20	136.08	93.65	143.74	147.55	109.92	150.82	182	1	none	0	128
20129	144.09	96.43	146.20	137.09	95.41	139.98	144.11	111.23	150.82	414	1	none	0	129
20136	130.34	122.46	147.09	121.71	118.06	146.30	137.92	141.50	148.76	218	1	none	0	136
20142	133.10	111.78	147.86	90.61	49.94	81.26	153.16	158.26	234.18	3338	1	none	0	142
20144	129.02	122.66	148.20	129.02	84.53	148.20	140.19	122.66	155.50	400	1	none	0	144
20146	129.12	121.60	148.34	90.61	49.94	81.26	153.16	158.26	234.18	3942	1	none	0	146
20147	128.83	121.72	148.52	111.84	104.35	141.33	135.83	134.55	222.20	1180	1	none	0	147
20152	129.13	122.33	148.81	113.25	79.60	136.10	214.44	128.22	180.88	1910	1	none	0	152
20156	129.49	121.82	149.16	114.22	116.47	143.48	139.21	129.10	151.61	308	1	none	0	156
20157	129.12	122.08	149.21	124.35	106.01	136.40	136.65	128.80	153.19	286	1	none	0	157
20159	129.41	119.41	149.32	114.53	103.75	149.12	129.41	120.37	159.62	190	1	none	0	159
20162	129.10	120.38	149.56	113.67	103.75	149.12	129.53	120.60	159.62	206	1	none	0	162
20164	116.16	146.38	149.88	113.80	134.16	146.42	116.59	146.38	149.88	64	1	none	0	164
20169	125.80	125.37	151.84	119.63	119.33	93.99	138.32	141.91	163.46	394	1	none	0	169
20175	126.39	118.82	152.53	103.59	118.73	132.95	133.00	151.73	157.78	1078	1	none	0	175
20178	105.66	111.14	152.95	105.65	111.14	152.95	123.14	124.33	158.45	88	1	none	0	178
20184	124.39	117.27	155.10	120.18	97.37	150.12	145.84	126.53	163.74	262	1	none	0	184
20186	124.87	116.53	155.13	118.09	100.08	151.31	140.70	131.47	161.55	360	1	none	0	186
20190	124.64	116.39	155.21	109.76	112.53	144.62	139.83	124.00	160.18	460	1	none	0	190
20191	104.31	114.31	155.60	104.31	112.07	155.60	122.22	121.58	180.04	210	1	none	0	191
20193	123.23	116.49	155.85	121.12	113.63	94.48	138.35	140.74	157.06	570	1	none	0	193
20194	124.43	117.82	155.88	118.79	108.99	109.36	133.32	132.32	157.48	878	1	none	0	194
20195	125.36	132.11	155.94	111.84	108.82	108.00	139.74	146.39	222.20	1402	1	none	0	195
20210	133.28	102.86	158.61	118.04	49.94	158.61	153.16	103.87	234.18	1552	1	none	0	210
20212	212.72	121.54	158.96	200.49	107.54	143.87	214.44	125.18	180.95	714	1	none	0	212
20215	122.10	115.61	159.78	115.28	107.78	145.11	144.97	142.84	164.44	812	1	none	0	215
20221	105.02	128.92	163.53	105.02	123.84	104.26	131.81	144.97	164.78	354	1	none	0	221
20223	130.21	102.68	164.89	118.04	49.94	164.89	153.16	102.76	234.18	1406	1	none	0	223
20225	120.04	113.89	166.09	117.36	80.37	151.39	128.55	124.73	177.67	708	1	none	0	225
20233	131.75	89.52	167.00	130.41	88.74	166.75	137.28	90.76	168.65	58	1	none	0	233
20236	131.48	89.06	167.13	126.86	87.27	164.00	138.34	110.08	175.90	320	1	none	0	236
20238	131.72	89.14	167.22	103.14	85.78	166.27	147.83	122.93	185.34	726	1	none	0	238
20246	121.15	112.03	168.82	109.97	100.72	112.34	144.13	143.82	173.85	1052	1	none	0	246
20257	120.90	111.47	169.72	100.41	106.27	109.60	154.94	125.00	187.08	822	1	none	0	257
20258	106.18	138.16	169.75	106.13	121.03	145.88	129.53	138.16	170.07	206	1	none	0	258
20259	120.86	111.78	169.88	120.86	85.89	166.25	148.00	111.78	175.50	432	1	none	0	259
20260	126.28	103.89	171.81	111.92	96.92	164.47	127.31	103.89	178.42	310	1	none	0	260
20261	125.27	102.85	173.54	103.14	102.58	173.54	125.27	122.93	185.34	398	1	none	0	261
20266	112.01	96.36	180.20	112.01	69.93	180.20	127.02	105.02	227.93	870	1	none	0	266
20267	101.88	108.18	181.88	101.88	108.18	180.72	116.08	118.73	186.15	238	1	none	0	267
20268	117.65	111.12	182.21	98.34	97.37	182.14	126.50	120.46	187.76	420	1	none	0	268
20274	101.78	83.21	205.55	101.78	83.21	205.55	119.97	99.14	210.80	88	1	none	0	274
20277	97.03	94.75	208.03	97.03	77.77	157.78	128.11	105.52	208.03	218	1	none	0	277
20278	100.31	82.00	208.43	98.75	78.80	205.00	105.42	85.97	211.15	44	1	none	0	278
20279	104.39	80.23	209.90	104.39	80.23	209.90	123.18	104.84	214.71	128	1	none	0	279
20280	91.03	96.91	211.20	87.24	77.77	157.78	128.11	105.52	216.53	248	1	none	0	280
20281	108.52	78.39	238.50	102.86	78.39	231.07	111.93	96.66	239.21	104	1	none	0	281
20282	115.13	78.00	241.22	103.35	78.00	228.37	115.13	100.18	241.22	112	1	none	0	282
20283	111.76	73.96	241.35	111.76	73.96	241.35	117.91	81.54	241.35	26	1	none	0	283
20284	96.23	95.14	243.12	96.23	88.23	236.13	108.29	95.14	243.12	56	1	none	0	284
