label_id	anchor_x	anchor_y	anchor_z	bb_min_x	bb_min_y	bb_min_z	bb_max_x	bb_max_y	bb_max_z	n_pixels
112	164.8000030517578	162.87998962402344	73.20000457763672	161.12	159.44	70.7	168.48	165.76	76.2	90243
130	181.27999877929688	156.16000366210938	87.0	178.48	153.68	84.2	185.28	159.44	88.80000000000003	93700
139	184.63999938964844	159.36000061035156	94.0	179.04	154.88	91.2	187.2	161.20000000000005	96.9	44230
260	159.83999633789062	160.47999572753906	152.1999969482422	153.76	157.20000000000005	150.20000000000005	162.08	165.68	153.70000000000005	116634
436	193.27999877929688	159.51998901367188	6.800000190734862	191.36	157.52	4.5	195.76	162.0	9.4	62444
465	170.72000122070312	191.67999267578125	6.0	168.72	189.28	3.0	172.16	196.72	10.6	121990
468	176.95999145507812	186.0800018310547	8.800000190734863	172.96	183.2	4.4	178.72	190.08	11.8	134409
758	171.83999633789062	208.9599914550781	16.200000762939453	170.32	204.8	14.1	177.76	213.28	19.3	132231
799	168.16000366210938	159.1999969482422	19.80000114440918	166.16	156.4	16.1	170.32	162.96	23.0	79433
801	172.95999145507812	154.0800018310547	19.200000762939453	170.48	151.04	16.7	175.84	157.44	24.700000000000006	112618
807	183.3600006103516	160.8000030517578	17.399999618530273	180.64	155.84	15.0	185.44	162.96	19.9	68798
1037	165.1199951171875	165.1199951171875	24.399999618530273	160.32	162.56	20.9	168.24	166.72	27.6	125560
1322	156.47999572753906	157.59999084472656	28.0	154.0	154.48	25.5	159.92000000000004	160.8	31.3	123980
1323	155.1999969482422	161.75999450683594	31.20000076293945	153.6	160.0	26.4	159.44	164.4	35.4	90637
1592	182.55999755859372	116.31999969482422	35.20000076293945	179.68	114.32	30.8	184.88	120.8	38.7	116412
1666	155.83999633789062	154.239990234375	39.0	151.6	151.76	34.6	159.28	156.4	41.2	112726
2312	165.9199981689453	139.83999633789062	46.4000015258789	163.44	135.92000000000002	44.1	168.64	141.44	49.2	89268
2637	160.16000366210938	137.91999816894528	49.79999923706055	158.56	134.4	46.3	162.32	140.88	52.90000000000001	105609
2702	150.55999755859375	151.36000061035156	50.79999923706055	147.52	149.44	46.2	152.88	154.16	53.3	96023
2704	152.16000366210938	148.16000366210938	51.4000015258789	148.56	146.4	48.5	154.24	150.72	56.40000000000001	105148
2926	158.239990234375	139.19999694824222	53.20000076293945	156.08	135.2	50.2	160.32	141.92000000000004	56.8	94580
3248	155.1999969482422	162.39999389648438	60.79999923706055	153.68	159.20000000000005	57.90000000000001	161.12	165.36	63.5	123936
3249	162.87998962402344	160.63999938964844	61.79999923706055	160.24	158.0	59.7	164.64	164.56	64.7	98511
3250	163.83999633789062	163.67999267578125	58.0	162.32	160.88	55.0	168.0	167.04	62.40000000000001	122280
3254	173.9199981689453	153.59999084472656	62.20000076293945	170.96	151.36	59.8	176.64	157.52	65.9	111610
3255	175.0399932861328	150.0800018310547	60.0	172.56	148.08	55.3	178.48	153.6	63.2	120445
3256	177.27999877929688	155.1999969482422	59.4000015258789	174.8	153.28	57.40000000000001	182.08	157.12	62.3	93981
3258	179.0399932861328	158.39999389648438	60.60000228881836	176.88	156.16	58.7	183.68	160.88	64.10000000000001	97831
3285	122.87999725341795	173.75999450683594	62.20000076293945	121.36	170.24	57.5	126.0	179.04	64.0	114307
3488	169.59999084472656	144.3199920654297	64.59999847412111	167.20000000000005	141.20000000000005	62.3	172.24	146.48	67.60000000000001	99922
3534	154.239990234375	158.239990234375	66.80000305175781	152.16	154.72	64.2	158.72	160.96	69.4	116933
3535	156.47999572753906	160.95999145507812	64.40000152587889	153.84	158.16	62.2	158.48	163.36	67.5	81221
3536	160.16000366210938	158.72000122070312	64.59999847412111	158.48	156.24	62.6	165.52	162.24	67.2	108450
3537	168.47999572753906	160.47999572753906	62.4000015258789	165.04	158.08	60.0	170.72	164.56	66.2	114280
3538	168.8000030517578	148.16000366210938	64.80000305175781	165.84	146.08	62.3	172.16	151.52	67.7	109903
3541	183.51998901367188	158.0800018310547	64.80000305175781	181.04	155.36	62.3	187.76	162.88	67.60000000000001	115980
3628	174.0800018310547	169.59999084472656	64.20000457763672	171.44	167.92000000000004	61.2	180.24	172.88	67.4	104058
3831	156.16000366210938	137.59999084472656	68.59999847412111	153.04	134.96	66.3	162.24	140.4	71.3	104147
3836	168.16000366210938	140.95999145507812	67.40000152587889	164.56	138.8	65.2	170.0	145.20000000000005	69.9	101727
3906	153.9199981689453	145.9199981689453	69.0	151.44	143.6	66.60000000000001	156.32	151.36	71.2	112252
3908	163.51998901367188	160.16000366210938	71.80000305175781	157.52	156.8	68.60000000000001	164.96	162.72	74.9	109589
3909	168.0	162.239990234375	69.0	164.4	158.8	66.9	171.20000000000005	166.24	71.2	109157
3910	171.1999969482422	152.3199920654297	67.59999847412111	169.20000000000005	150.72	65.5	176.32	157.68	70.60000000000002	98065
3911	173.44000244140625	164.0	67.20000457763672	170.16	161.84	65.2	177.12	168.64	69.3	106836
3913	179.36000061035156	157.44000244140625	68.80000305175781	174.4	155.6	65.5	182.16	162.48	69.2	104854
3915	178.39999389648438	160.95999145507812	71.4000015258789	175.04	156.24	69.60000000000001	182.08	163.6	73.10000000000002	98083
3996	174.39999389648438	164.0	71.5999984741211	170.16	161.84	69.3	177.6	167.52	73.5	100423
4179	220.79998779296875	108.63999938964844	72.80000305175781	217.68	105.92	70.60000000000002	223.92	111.44	74.5	83165
4265	151.83999633789062	156.47999572753906	73.80000305175781	150.32	150.24	71.9	154.08	158.56	76.80000000000003	105198
4266	159.0399932861328	154.55999755859375	79.0	155.12	152.88	74.10000000000002	162.08	156.96	81.0	109433
4269	163.1999969482422	161.27999877929688	76.0	161.04	157.68	74.10000000000002	167.36	164.16	79.60000000000002	110743
4270	165.9199981689453	146.55999755859375	78.5999984741211	163.20000000000005	142.32	73.5	167.92000000000004	149.28	80.30000000000003	102152
4271	168.3199920654297	165.1199951171875	73.80000305175781	166.16	161.12	71.4	171.44	167.92000000000004	76.2	115698
4272	169.1199951171875	148.16000366210938	72.5999984741211	166.4	145.76	70.0	172.72	152.8	74.4	109578
4274	170.87998962402344	151.1999969482422	75.5999984741211	168.64	148.24	73.7	174.16	155.04	79.30000000000003	102389
4275	174.87998962402344	148.47999572753906	72.20000457763672	170.96	146.8	70.8	177.76	155.44	74.4	98124
4279	176.8000030517578	155.51998901367188	74.0	173.68	152.4	71.9	180.24	158.24	76.3	111942
4356	188.8000030517578	168.0	74.4000015258789	185.12	165.92000000000004	71.4	193.44	170.16	77.9	118167
4533	160.0	141.27999877929688	78.20000457763672	156.4	138.96	76.3	164.24	145.12	80.9	135653
4590	153.75999450683594	150.0800018310547	78.0	151.92000000000004	146.16	75.9	156.96	155.04	80.80000000000003	124505
4597	167.67999267578125	162.87998962402344	80.5999984741211	164.16	159.76	78.5	169.84	167.04	82.7	90504
4602	174.72000122070312	153.9199981689453	80.80000305175781	170.64	149.92000000000004	78.7	178.56	157.12	82.5	111153
4667	158.39999389648438	170.239990234375	83.80000305175781	156.96	165.92000000000004	79.4	161.04	172.24	85.7	86047
4683	184.47999572753903	165.59999084472656	82.80000305175781	182.0	162.8	79.5	186.88	167.52	86.30000000000003	107545
4684	185.27999877929688	175.0399932861328	81.5999984741211	183.52	170.8	79.30000000000003	188.08	179.6	84.10000000000002	106724
4893	153.9199981689453	151.83999633789062	86.20000457763672	151.04	149.36	83.10000000000002	156.64	155.68	89.10000000000002	119387
4894	157.9199981689453	152.3199920654297	82.0	152.48	150.56	80.0	162.08	155.44	84.0	104602
4896	158.39999389648438	152.63999938964844	87.0	155.76	150.0	84.60000000000002	160.88	154.72	90.4	92441
4898	161.75999450683594	153.59999084472656	86.20000457763672	158.64	152.08	84.30000000000003	163.76	155.6	91.6	91627
4900	162.72000122070312	144.3199920654297	88.5999984741211	160.96	142.48	84.9	164.32	148.08	90.9	89000
4906	174.39999389648438	152.95999145507812	84.5999984741211	170.48	150.56	82.5	177.28	156.0	87.80000000000003	93157
4909	178.0800018310547	151.36000061035156	86.80000305175781	175.28	147.36	84.0	181.2	154.88	89.4	101684
4964	161.59999084472656	168.8000030517578	84.20000457763672	159.20000000000005	165.92000000000004	80.7	164.16	171.6	86.5	99557
4966	163.36000061035156	165.59999084472656	83.80000305175781	160.72	164.24	80.0	165.68	167.68	86.7	84710
4968	165.59999084472656	168.8000030517578	85.80000305175781	163.28	164.16	83.30000000000003	168.88	172.08	88.80000000000003	107042
4982	179.51998901367188	168.8000030517578	83.80000305175781	177.12	166.72	80.2	182.16	171.52	87.60000000000002	111346
5197	163.67999267578125	159.83999633789062	91.0	160.8	155.92000000000004	88.10000000000002	167.20000000000005	163.20000000000005	93.7	134019
5198	165.1199951171875	148.0	89.80000305175781	163.36	145.28	85.5	166.72	151.44	92.3	112388
5242	166.39999389648438	172.16000366210938	89.80000305175781	163.28	170.4	88.2	170.56	178.88	91.2	124275
5244	171.51998901367188	169.44000244140625	87.5999984741211	169.20000000000005	165.04	85.80000000000003	174.48	171.76	90.3	70376
5248	182.3999938964844	172.0	89.20000457763672	179.68	168.8	86.5	184.64	175.20000000000005	92.5	115804
5249	188.3199920654297	166.55999755859375	88.5999984741211	184.48	164.08	86.30000000000003	191.2	168.96	91.9	109718
5465	157.44000244140625	153.75999450683594	92.5999984741211	152.96	151.20000000000005	90.8	160.24	156.88	94.7	98505
5468	164.3199920654297	157.75999450683594	95.4000015258789	161.28	153.76	92.1	166.72	160.56	97.8	92937
5471	169.27999877929688	151.1999969482422	95.0	166.48	147.92000000000004	92.4	172.0	153.44	97.9	99479
5512	192.1599884033203	168.63999938964844	97.4000015258789	188.08	166.56	94.1	194.48	170.8	98.6	85295
5753	184.8000030517578	175.0399932861328	97.0	183.28	172.8	95.0	187.12	179.20000000000005	99.3	67464
5754	187.1999969482422	177.1199951171875	101.0	185.2	172.8	99.4	189.84	180.72	104.6	102887
5756	192.47999572753903	170.39999389648438	100.4000015258789	188.56	167.12	98.5	195.44	172.4	103.1	96115
5758	197.44000244140625	171.83999633789062	100.0	194.0	169.76	97.0	200.16	175.52	102.9	130968
5807	147.52000427246094	208.1599884033203	100.4000015258789	140.0	205.44	95.7	149.44	210.96	102.5	114839
5948	160.47999572753906	158.55999755859375	105.5999984741211	157.68	156.56	101.9	163.04	162.56	108.5	106860
5949	165.59999084472656	159.1999969482422	104.8000030517578	161.76	156.72	101.6	169.12	161.68	107.1	121301
5950	163.83999633789062	150.39999389648438	106.5999984741211	160.96	148.08	104.5	167.20000000000005	154.72	109.3	120568
5951	165.27999877929688	163.67999267578125	105.4000015258789	163.12	161.52	102.8	168.96	167.04	108.3	121227
5952	169.75999450683594	146.55999755859375	105.20000457763672	167.6	143.44	102.7	173.12	149.6	108.3	113758
5953	171.1999969482422	152.0	105.0	169.04	148.24	101.4	173.76	155.28	107.1	123745
5998	172.0	169.1199951171875	104.8000030517578	170.4	164.64	100.9	177.28	171.44	106.7	109988
6000	174.239990234375	171.36000061035156	107.0	171.92000000000004	167.28	101.9	177.28	173.52	108.9	120348
6004	184.47999572753903	174.72000122070312	106.20000457763672	181.92	170.96	103.8	186.8	177.28	108.0	96765
6012	193.44000244140625	171.83999633789062	108.0	189.84	169.36	104.8	195.52	173.44	110.3	86776
6198	164.0	159.83999633789062	110.8000030517578	161.68	156.64	106.5	167.84	161.92000000000004	112.8	109128
6201	171.51998901367188	150.239990234375	109.5999984741211	169.04	147.28	107.3	174.88	154.0	111.5	93909
6209	185.9199981689453	165.27999877929688	108.5999984741211	182.4	161.28	105.5	189.52	167.28	110.6	94800
6264	195.67999267578125	181.1199951171875	112.20000457763672	193.28	178.72	109.7	198.48	183.36	117.3	105018
6451	163.51998901367188	150.87998962402344	114.8000030517578	160.72	148.96	112.4	167.36	155.04	116.8	113673
6522	184.63999938964844	172.8000030517578	116.8000030517578	182.64	170.56	112.8	187.44	177.36	118.3	87545
6526	188.8000030517578	167.83999633789062	116.5999984741211	186.72	164.8	112.9	192.4	170.32	118.9	88156
6527	191.83999633789062	171.51998901367188	113.5999984741211	189.68	168.72	110.0	194.72	173.44	117.4	106907
6528	195.67999267578125	170.55999755859375	114.20000457763672	193.52	168.48	110.5	199.12	173.20000000000005	116.5	101699
6707	172.0	152.95999145507812	122.5999984741211	169.6	148.8	119.1	173.92000000000004	155.44	125.5	99960
7325	172.95999145507812	148.0	134.19999694824222	170.96	145.84	130.1	175.28	155.52	136.20000000000002	86994
7972	169.27999877929688	143.36000061035156	150.40000915527344	163.84	140.16	148.4	171.12	147.84	150.70000000000005	94915
7975	175.0399932861328	140.31999206542972	151.8000030517578	171.76	137.84	149.1	178.64	144.96	152.8	116175
7978	183.51998901367188	142.55999755859375	150.8000030517578	180.8	138.64	149.0	187.44	146.88	153.0	110878
8009	160.3199920654297	153.59999084472656	151.0	153.44	149.28	148.6	162.8	157.20000000000005	151.6	114916
8010	158.0800018310547	158.55999755859375	150.8000030517578	154.16	156.56	148.20000000000005	161.68	163.36	151.3	110632
8012	161.75999450683594	157.59999084472656	148.0	156.0	154.4	146.3	164.4	161.12	149.3	111453
8014	167.67999267578125	161.9199981689453	148.1999969482422	165.12	158.88	145.70000000000005	170.56	167.68	150.5	107809
8015	173.27999877929688	163.83999633789062	147.60000610351562	169.92000000000004	161.04	145.6	176.24	167.84	149.9	107700
8016	176.8000030517578	158.87998962402344	150.8000030517578	174.16	155.92000000000004	147.9	182.0	163.6	151.20000000000005	118018
8017	180.0	157.9199981689453	147.1999969482422	176.96	155.36	145.5	185.52	161.44	149.8	117266
8018	183.0399932861328	152.47999572753906	148.8000030517578	180.4	149.44	146.6	187.36	156.16	151.0	118470
8019	182.0800018310547	147.83999633789062	152.1999969482422	179.52	145.52	149.20000000000005	187.12	151.76	153.20000000000005	111367
8058	155.36000061035156	175.1999969482422	152.1999969482422	149.84	170.08	149.1	159.92000000000004	177.6	157.20000000000005	242818
8059	164.3199920654297	163.36000061035156	151.1999969482422	156.96	161.52	149.70000000000005	166.56	168.48	153.4	95347
8076	116.31999969482422	194.72000122070312	148.0	113.12	189.92	145.0	118.64	198.24	150.6	107836
8263	151.36000061035156	145.44000244140625	154.1999969482422	148.8	142.16	151.3	157.04	149.04	158.20000000000005	180990
8265	160.3199920654297	137.44000244140622	155.8000030517578	157.52	133.04	153.3	166.8	139.92000000000002	158.8	173913
8266	160.8000030517578	144.16000366210938	156.0	158.48	139.52	152.5	165.20000000000005	146.8	158.4	150181
8267	161.27999877929688	148.63999938964844	154.1999969482422	155.04	142.8	151.9	165.92000000000004	153.68	156.4	168638
8268	170.0800018310547	145.9199981689453	153.1999969482422	166.24	138.88	151.0	174.56	149.20000000000005	155.4	141570
8270	175.36000061035156	146.39999389648438	156.60000610351562	171.92000000000004	137.44	153.4	182.24	148.4	157.70000000000005	164446
8271	180.63999938964844	139.67999267578122	154.0	176.72	135.92000000000002	151.3	184.24	144.24	154.3	121768
8272	178.72000122070312	146.239990234375	158.8000030517578	176.8	137.84	154.20000000000005	184.88	149.28	159.60000000000005	171227
8307	155.51998901367188	164.3199920654297	155.40000915527344	151.44	159.28	153.0	161.28	169.20000000000005	158.60000000000005	203128
8308	160.8000030517578	154.239990234375	154.1999969482422	152.56	149.20000000000005	151.20000000000005	163.12	159.36	155.5	134981
8310	169.44000244140625	161.27999877929688	152.1999969482422	165.92000000000004	159.20000000000005	150.0	174.4	167.52	152.8	115822
8311	172.95999145507812	160.16000366210938	155.0	169.92000000000004	155.44	151.20000000000005	180.24	166.16	156.4	136496
8313	183.1999969482422	154.55999755859375	155.8000030517578	180.32	148.88	152.5	186.88	160.64	158.10000000000005	154404
8314	183.0399932861328	161.9199981689453	155.40000915527344	180.8	159.6	151.5	188.0	164.8	157.60000000000005	142994
8315	187.83999633789062	156.16000366210938	154.8000030517578	184.8	149.84	151.8	190.16	158.24	159.20000000000005	153397
8316	193.44000244140625	148.16000366210938	156.0	189.84	141.68	153.8	196.0	151.84	160.4	214184
8343	162.0800018310547	172.16000366210938	154.0	155.76	167.92000000000004	151.4	165.76	173.52	157.9	162817
8344	170.239990234375	168.3199920654297	153.8000030517578	163.28	165.76	151.20000000000005	175.6	170.96	155.9	158027
8345	173.1199951171875	172.47999572753906	152.60000610351562	170.4	166.32	150.6	179.68	174.88	156.9	167190
8529	168.8000030517578	139.03999328613278	160.0	167.04	133.36	156.5	175.28	140.88	162.10000000000005	161179
8530	175.51998901367188	139.36000061035156	158.40000915527344	169.76	136.16	155.20000000000005	179.28	143.20000000000005	161.0	166502
8533	181.44000244140625	127.83999633789062	162.40000915527344	178.96	124.0	159.4	183.84	131.44	164.70000000000005	131109
8534	187.83999633789062	134.08000183105472	160.0	185.36	131.76	157.5	191.04	138.56	162.70000000000005	134385
8889	124.95999908447266	134.08000183105472	169.60000610351562	122.24	130.0	166.20000000000005	129.04	138.88	172.4	224951
9177	94.23999786376952	177.1199951171875	180.8000030517578	89.52	168.48	178.4	95.84	179.68	182.5	92839
9297	104.63999938964844	188.0	185.8000030517578	99.68	184.32	183.3	108.0	191.52	187.9	112266
9934	161.27999877929688	163.51998901367188	211.40000915527344	158.64	158.96	208.6	163.68	169.12	214.5	180424
11023	109.27999877929688	83.19999694824219	252.6000061035156	107.76	80.24	249.4	112.24	86.88	255.4	74447
