label_id	anchor_x	anchor_y	anchor_z	bb_min_x	bb_min_y	bb_min_z	bb_max_x	bb_max_y	bb_max_z	n_points	n_traces	sources	cell_id	kevin_head_traces_id	david_motorneuron_2nd_segment_traces_id
6	170.08	174.24	15.3	156.80	165.60	5.00	174.00	184.32	54.60	0	1	kevin	745	32	0
10	197.52	141.92	20.3	176.32	125.76	5.90	208.64	145.28	47.90	0	1	kevin	1108	341	0
23	199.84	141.04	32.9	187.44	137.28	11.10	202.56	143.92	42.20	0	1	kevin	1540	169	0
39	202.8	139.68	40.5	180.64	117.60	10.30	206.48	143.28	53.60	0	1	kevin	2842	42	0
58	151.28	202.56	55.7	149.04	180.48	49.70	175.20	207.12	57.70	0	1	kevin	4483	92	0
80	180.8	209.92	58.6	169.28	175.84	53.90	204.24	213.36	62.20	0	1	kevin	5403	627	0
95	185.84	141.84	70.9	168.40	138.80	62.20	188.80	153.68	72.90	0	1	kevin	6246	708	0
100	146.16	164.24	71.3	142.96	154.56	59.90	154.08	166.88	72.70	0	1	kevin	7012	527	0
114	232.4	148.24	77.6	216.40	142.96	68.60	236.16	160.64	82.60	0	1	kevin	0	303	0
118	229.84	186.96	77.5	204.08	173.76	53.50	238.64	190.32	78.80	0	1	kevin	7942	723	0
124	224.96	176.96	78.4	198.32	170.88	58.10	235.52	195.44	80.20	0	1	kevin	8101	721	0
148	114.72	144.48	97.3	108.64	139.12	95.50	136.48	155.92	134.50	0	1	kevin	10379	553	0
211	129.46	122.25	149.21	91.49	109.03	148.86	135.82	153.55	168.00	340	1	david_new_dangling	0	0	0
251	125.84	118.4	152.3	104.69	101.22	105.74	160.38	209.12	175.72	548	2	david;david_new	18180	0	84
257	135.35	126.64	136.09	125.80	108.35	132.17	156.90	140.68	143.48	129	1	david_new_dangling	0	0	0
269	123.04	115.36	157.5	102.24	110.16	103.30	160.24	138.16	166.10	0	1	david	20037	0	37
291	120.08	113.12	169.7	100.56	75.87	158.59	136.23	146.32	190.40	683	2	david;david_new	12942	0	48
436	193.6	159.84	6.7	167.84	126.80	4.50	198.88	162.00	55.80	0	1	kevin	200	664	0
503	196.32	158.16	9.6	194.00	154.72	7.10	222.40	161.04	51.10	0	1	kevin	0	669	0
505	196.96	154.56	11.8	194.48	131.92	9.70	220.88	161.84	58.60	0	1	kevin	513	670	0
506	198.64	161.6	9.9	196.24	150.64	1.30	223.76	164.00	49.30	0	1	kevin	0	665	0
510	201.68	165.12	11.0	195.52	156.56	8.30	223.04	167.84	63.20	0	1	kevin	417	666	0
537	170.16	175.12	12.7	157.28	164.24	5.40	173.84	189.92	49.30	0	1	kevin	406	37	0
636	190.56	158.32	15.5	172.72	145.60	11.50	193.92	163.76	45.00	0	1	kevin	725	663	0
637	191.12	162.56	15.0	186.96	160.24	11.50	193.28	165.12	48.80	0	1	kevin	614	657	0
641	191.84	157.76	18.4	167.44	147.60	14.10	195.52	179.28	54.00	0	1	kevin	852	661	0
642	194.48	161.2	14.7	184.40	158.56	10.40	196.48	172.80	50.50	0	1	kevin	615	658	0
645	198.24	158.96	14.2	195.68	149.28	0.20	221.84	161.60	45.10	0	1	kevin	617	668	0
649	201.84	160.64	15.2	199.92	148.80	1.80	222.88	163.68	64.60	0	1	kevin	389	667	0
653	207.36	147.2	14.3	205.52	144.96	0.20	222.08	160.88	41.30	0	1	kevin	256	357	0
656	210.56	146.64	14.6	208.72	142.80	0.30	223.84	161.92	46.40	0	1	kevin	364	367	0
674	166.16	171.2	18.0	156.96	163.60	5.70	173.84	185.36	52.50	0	1	kevin	743	265	0
675	169.36	178.08	14.4	156.56	164.64	4.90	173.60	187.68	53.40	0	1	kevin	649	259	0
678	173.92	185.12	15.0	157.12	168.24	9.70	176.24	193.60	43.50	0	1	kevin	772	283	0
680	177.2	181.6	15.5	154.56	163.76	4.80	180.40	195.28	48.30	0	1	kevin	896	281	0
693	193.6	165.76	16.5	187.28	159.84	13.50	200.16	177.76	43.70	0	1	kevin	884	656	0
716	216.32	171.2	15.5	208.16	151.84	0.10	223.92	174.64	37.50	0	1	kevin	538	26	0
734	177.28	186.96	14.7	157.68	167.12	8.80	179.28	191.84	47.60	0	1	kevin	774	287	0
771	188.0	141.52	21.2	177.36	131.60	4.90	198.56	150.16	57.00	0	1	kevin	1099	347	0
772	191.12	136.88	18.2	181.52	132.72	5.60	193.84	139.68	21.60	0	1	kevin	0	349	0
774	191.44	142.24	21.8	176.96	132.72	5.10	198.88	149.84	49.70	0	1	kevin	1102	337	0
778	195.76	137.92	20.8	181.92	132.56	5.80	200.40	140.24	27.20	0	1	kevin	953	345	0
780	200.72	135.92	17.6	182.48	133.04	5.40	203.92	146.40	53.30	0	1	kevin	825	176	0
788	208.96	141.36	24.2	182.48	135.84	8.40	211.12	154.88	57.80	0	1	kevin	1258	173	0
812	188.88	145.92	21.3	175.20	136.24	7.70	199.52	149.84	45.60	0	1	kevin	950	331	0
813	189.28	161.76	19.2	184.00	159.44	15.70	191.36	164.72	26.40	0	1	kevin	851	660	0
815	191.76	162.96	23.1	186.64	160.80	18.90	202.80	182.88	42.80	0	1	kevin	1154	655	0
817	195.36	163.2	19.0	183.84	160.48	16.40	198.00	173.76	51.00	0	1	kevin	1138	659	0
818	195.92	158.4	20.3	184.64	155.36	16.90	198.40	164.16	43.50	0	1	kevin	988	662	0
819	195.92	146.0	20.2	176.16	131.92	5.30	201.36	150.80	51.40	0	1	kevin	967	323	0
827	205.28	158.16	23.4	202.88	156.00	19.50	216.32	161.04	36.70	0	1	kevin	514	77	0
832	209.84	160.8	18.6	203.52	148.08	0.20	221.52	163.44	64.40	0	1	kevin	730	371	0
833	211.52	152.48	23.7	209.12	143.52	0.60	222.56	161.68	59.20	0	1	kevin	969	351	0
834	211.92	154.88	18.9	174.88	116.24	0.20	222.00	162.56	62.60	0	1	kevin	622	369	0
835	213.12	149.84	20.6	210.32	144.72	0.20	221.20	160.72	53.40	0	1	kevin	1123	353	0
837	212.56	159.92	20.8	188.72	148.24	0.10	221.12	180.72	65.50	0	1	kevin	995	373	0
838	215.68	153.52	19.5	204.96	143.76	0.10	223.20	161.44	61.60	0	1	kevin	365	355	0
839	216.32	160.08	19.3	203.28	146.08	0.10	221.52	163.28	64.10	0	1	kevin	734	375	0
841	219.36	154.64	20.2	176.08	117.52	0.10	222.80	162.16	62.50	0	1	kevin	835	359	0
843	220.96	158.0	24.1	196.56	130.48	0.10	223.12	162.40	59.50	0	1	kevin	996	98	0
847	226.08	159.84	23.6	212.00	148.80	0.20	228.96	165.84	61.30	0	1	kevin	1293	30	0
868	165.12	178.8	18.6	156.00	168.72	9.60	169.12	189.92	41.10	0	1	kevin	1031	273	0
869	167.36	174.48	20.7	152.40	162.64	4.20	170.08	188.16	46.00	0	1	kevin	1008	263	0
870	167.68	182.96	17.8	155.68	167.68	7.80	170.00	190.88	42.00	0	1	kevin	1034	277	0
872	169.68	178.48	17.7	157.12	167.76	10.10	172.72	192.96	51.90	0	1	kevin	1033	269	0
873	171.76	175.36	19.8	155.76	163.68	5.20	174.08	190.00	52.80	0	1	kevin	875	261	0
874	171.52	182.72	20.1	154.80	164.72	4.60	173.52	194.40	46.60	0	1	kevin	1032	285	0
875	174.72	180.8	18.8	153.68	161.76	4.90	177.04	192.88	57.60	0	1	kevin	1035	271	0
876	175.84	176.96	18.4	156.40	164.08	4.80	178.08	184.80	56.50	0	1	kevin	1009	275	0
894	193.44	171.52	22.2	165.52	137.36	19.00	196.48	174.64	40.90	0	1	kevin	1312	652	0
896	193.92	167.04	24.0	181.52	164.64	19.70	196.48	174.00	44.20	0	1	kevin	1442	651	0
923	225.84	170.4	19.8	186.64	122.40	0.10	229.60	172.48	59.60	0	1	kevin	1025	719	0
924	227.04	166.16	20.0	200.48	149.92	0.10	229.92	169.44	63.80	0	1	kevin	628	720	0
952	183.84	194.48	20.8	171.52	192.32	0.10	190.00	209.68	59.40	0	1	kevin	1058	411	0
957	189.36	193.04	18.5	174.72	188.72	0.10	192.96	208.88	62.80	0	1	kevin	778	413	0
959	192.16	198.72	21.0	168.96	191.04	0.20	194.64	208.80	64.30	0	1	kevin	1364	415	0
1010	191.44	143.36	28.4	176.08	130.16	5.40	204.72	147.04	58.50	0	1	kevin	1538	321	0
1012	193.52	140.08	23.9	174.00	124.96	6.90	196.80	146.40	39.80	0	1	kevin	1396	339	0
1015	195.2	145.04	25.1	177.36	126.48	5.20	205.52	147.68	50.30	0	1	kevin	1397	327	0
1018	200.0	139.92	23.3	181.52	133.04	5.70	202.88	142.40	36.50	0	1	kevin	1103	343	0
1019	200.64	144.4	22.3	176.96	128.88	5.40	208.32	147.12	51.20	0	1	kevin	1399	325	0
1024	204.72	140.4	29.0	180.00	125.92	6.90	207.84	142.48	57.50	0	1	kevin	824	166	0
1025	208.64	137.6	27.1	174.08	129.60	8.70	210.96	193.68	66.90	0	1	kevin	1104	171	0
1046	184.4	152.48	24.1	180.08	135.28	21.70	202.88	155.12	57.20	0	1	kevin	1411	52	0
1047	185.28	150.0	27.2	180.64	141.76	23.70	200.88	152.48	50.40	0	1	kevin	1413	50	0
1053	193.04	148.08	23.3	180.40	140.64	13.20	202.32	150.56	45.70	0	1	kevin	1271	329	0
1056	194.56	162.08	25.3	175.92	152.24	19.00	199.12	165.36	34.30	0	1	kevin	1423	653	0
1057	197.92	148.0	26.1	173.84	124.64	6.00	205.84	150.16	55.20	0	1	kevin	1548	333	0
1070	214.8	156.32	27.3	197.92	145.76	0.40	221.36	162.72	63.80	0	1	kevin	1425	39	0
1073	215.92	152.24	22.4	197.36	146.72	5.80	222.80	161.04	63.90	0	1	kevin	1277	96	0
1075	218.56	153.92	24.8	196.00	142.56	0.60	222.72	161.84	63.90	0	1	kevin	1125	361	0
1076	220.32	160.8	23.3	204.16	146.00	0.20	222.88	164.32	64.10	0	1	kevin	733	377	0
1079	221.44	156.16	26.6	194.32	147.12	5.40	223.76	161.84	64.20	0	1	kevin	1415	365	0
1081	223.52	158.08	25.0	193.68	148.16	0.20	225.44	163.68	64.30	0	1	kevin	1428	379	0
1118	169.68	178.64	21.9	155.76	168.56	12.40	172.40	191.44	42.70	0	1	kevin	1172	279	0
1143	197.36	165.52	25.9	182.56	159.36	21.70	200.48	168.40	40.60	0	1	kevin	1594	654	0
1172	226.56	172.16	25.2	203.92	147.12	0.20	229.36	174.80	62.90	0	1	kevin	1601	718	0
1175	230.0	167.2	23.4	196.24	147.20	0.10	231.84	170.24	63.50	0	1	kevin	1448	712	0
1211	187.92	199.12	25.6	177.84	194.72	0.10	190.96	207.92	42.50	0	1	kevin	1646	409	0
1212	188.32	203.84	26.3	167.52	188.80	8.10	190.48	208.24	61.80	0	1	kevin	1796	407	0
1214	189.84	196.72	26.8	171.68	190.00	21.80	192.64	209.04	61.60	0	1	kevin	928	81	0
1218	195.04	195.76	23.6	177.60	189.92	0.10	197.84	208.64	61.10	0	1	kevin	1059	395	0
1223	198.24	200.08	25.0	171.84	187.68	0.40	200.96	207.60	61.00	0	1	kevin	1506	399	0
1251	187.68	208.56	23.4	150.48	184.48	0.00	190.16	213.44	57.40	0	1	kevin	1501	405	0
1299	206.64	142.88	29.5	177.68	121.20	6.60	209.36	186.64	63.90	0	1	kevin	1849	178	0
1301	202.8	137.92	34.7	183.36	124.80	9.90	209.76	144.56	47.30	0	1	kevin	1834	167	0
1303	208.0	136.16	33.4	182.64	123.60	10.10	210.96	142.00	60.30	0	1	kevin	2328	164	0
1306	208.48	140.32	33.9	181.36	124.56	9.90	212.56	144.40	52.70	0	1	kevin	2329	162	0
1337	187.12	159.2	29.7	165.92	141.92	19.20	190.16	161.92	38.00	0	1	kevin	1885	671	0
1348	198.72	152.08	27.0	177.92	129.68	8.20	207.44	180.16	63.60	0	1	kevin	1703	335	0
1365	215.44	161.6	30.5	212.80	146.08	0.20	221.92	165.20	49.90	0	1	kevin	1124	363	0
1387	142.4	175.36	32.4	138.24	160.24	15.60	162.96	187.20	50.00	0	1	kevin	2209	195	0
1388	143.52	183.04	29.0	140.96	166.96	10.80	186.88	189.36	48.80	0	1	kevin	1922	203	0
1389	145.04	175.84	29.5	135.92	165.36	13.70	163.68	187.52	48.50	0	1	kevin	1900	197	0
1390	145.44	180.88	26.7	136.64	165.44	9.20	163.60	188.96	53.20	0	1	kevin	1921	199	0
1393	147.36	183.52	31.7	141.60	143.04	6.50	209.68	195.60	67.10	0	1	kevin	2077	207	0
1399	152.0	183.28	31.6	136.32	163.28	11.60	182.00	194.64	63.50	0	1	kevin	2229	179	0
1474	229.44	172.56	28.3	194.80	150.08	0.10	231.68	174.96	64.00	0	1	kevin	1743	713	0
1476	230.4	166.24	28.5	190.24	148.40	0.20	233.84	180.48	66.60	0	1	kevin	1565	716	0
1477	232.08	169.92	30.8	201.92	140.24	0.20	235.20	172.96	59.80	0	1	kevin	1024	714	0
1482	144.48	186.88	30.1	133.60	170.88	6.50	160.48	192.00	57.70	0	1	kevin	2076	205	0
1532	195.84	202.0	33.7	166.72	190.24	0.00	198.48	208.00	62.80	0	1	kevin	1648	393	0
1581	197.6	208.72	30.3	188.88	199.28	26.20	199.92	212.72	42.60	0	1	kevin	2140	387	0
1583	200.56	207.68	32.1	152.24	188.08	21.20	203.44	210.32	58.30	0	1	kevin	2299	101	0
1640	205.68	139.36	34.5	180.40	121.92	10.00	208.24	141.60	52.00	0	1	kevin	2173	160	0
1678	185.6	152.4	36.6	176.72	145.84	34.10	195.92	171.84	53.60	0	1	kevin	1715	429	0
1691	194.32	152.48	38.2	184.80	147.68	34.60	197.92	169.52	53.30	0	1	kevin	2860	425	0
1697	202.24	155.6	38.0	198.64	149.12	34.30	207.68	158.08	53.60	0	1	kevin	2878	459	0
1708	211.68	158.64	37.1	200.16	129.60	13.70	219.68	197.44	69.00	0	1	kevin	1404	465	0
1716	215.68	153.28	36.9	202.16	130.24	13.50	219.20	155.60	58.40	0	1	kevin	2691	471	0
1718	220.4	160.16	31.8	203.36	147.68	0.20	222.88	162.96	63.20	0	1	kevin	2197	100	0
1719	220.88	155.68	36.2	199.04	143.76	32.80	223.84	158.16	52.60	0	1	kevin	2533	479	0
1745	146.8	173.2	36.8	138.64	165.52	15.30	188.08	187.76	49.30	0	1	kevin	2210	201	0
1747	147.52	182.8	35.4	140.48	167.12	14.00	164.64	189.04	48.40	0	1	kevin	2394	183	0
1748	148.0	179.04	31.2	139.04	167.52	6.90	166.64	191.60	52.00	0	1	kevin	2230	181	0
1818	231.84	166.88	33.3	210.80	149.28	0.00	234.64	169.04	64.50	0	1	kevin	2072	715	0
1827	145.12	187.76	33.9	136.16	164.96	11.00	177.12	191.68	57.40	0	1	kevin	2395	187	0
1861	175.84	204.0	35.5	167.04	181.92	33.00	177.92	207.44	48.40	0	1	kevin	2783	487	0
1880	196.32	205.44	37.7	177.20	186.88	0.20	199.60	208.24	61.20	0	1	kevin	2788	103	0
1885	201.84	204.0	32.5	184.80	184.08	12.20	205.12	207.76	60.90	0	1	kevin	2143	397	0
1935	186.32	207.2	40.3	174.48	190.40	0.10	190.64	209.12	61.20	0	1	kevin	2444	79	0
1937	193.6	210.0	36.7	176.32	180.56	0.10	195.92	212.80	64.00	0	1	kevin	2139	403	0
1938	195.68	209.76	33.7	169.52	190.72	22.60	200.96	212.72	62.20	0	1	kevin	2445	401	0
2040	183.84	148.0	42.5	180.40	145.04	35.30	188.40	151.44	47.70	0	1	kevin	3028	590	0
2043	190.96	148.48	42.3	187.20	146.32	38.00	202.32	156.40	53.60	0	1	kevin	3205	417	0
2044	188.48	152.0	43.8	180.80	146.64	39.70	197.52	169.68	54.10	0	1	kevin	3357	421	0
2052	198.0	152.0	40.6	195.20	142.64	36.00	205.84	153.92	51.90	0	1	kevin	2861	481	0
2053	200.56	149.28	39.6	197.68	144.16	36.60	206.96	151.52	52.80	0	1	kevin	3031	473	0
2055	200.96	145.52	43.5	198.32	143.36	38.10	206.88	152.08	54.60	0	1	kevin	3208	469	0
2062	208.08	156.8	41.1	197.28	147.28	37.50	211.76	159.28	49.50	0	1	kevin	3229	455	0
2064	210.88	154.88	39.2	191.04	146.80	36.00	214.16	157.20	53.80	0	1	kevin	2881	463	0
2070	215.84	157.84	39.8	202.56	130.32	13.60	219.60	159.84	56.20	0	1	kevin	2692	457	0
2072	213.52	155.12	42.3	199.28	145.28	39.10	216.72	157.44	51.00	0	1	kevin	3391	439	0
2089	129.12	176.64	42.1	126.08	131.52	38.90	139.84	180.32	130.50	0	1	kevin	3413	644	0
2094	135.84	172.08	42.5	133.76	162.24	38.70	186.80	178.72	52.30	0	1	kevin	3403	611	0
2096	140.24	174.64	40.8	137.36	168.96	37.40	176.88	181.12	53.00	0	1	kevin	3240	609	0
2098	140.64	170.88	40.7	137.52	160.16	38.50	188.08	179.04	52.10	0	1	kevin	3241	607	0
2101	144.4	166.96	43.2	141.52	164.64	39.40	188.32	178.16	52.30	0	1	kevin	3405	605	0
2103	146.08	185.92	39.6	136.00	164.72	11.50	184.72	194.16	66.80	0	1	kevin	2908	189	0
2123	167.36	180.08	43.5	163.44	168.08	38.50	178.96	182.88	51.60	0	1	kevin	3258	521	0
2126	169.92	181.76	39.4	166.96	179.28	35.10	175.84	191.68	53.70	0	1	kevin	2912	519	0
2157	231.28	168.72	38.4	214.40	151.12	0.20	233.84	171.68	57.30	0	1	kevin	2904	717	0
2173	148.4	189.68	38.3	138.08	167.12	12.70	184.24	195.92	62.70	0	1	kevin	1923	191	0
2177	152.24	189.76	41.0	136.48	166.16	10.20	205.44	193.76	72.40	0	1	kevin	3085	193	0
2191	167.6	198.48	42.5	165.68	187.36	38.60	170.56	202.48	46.50	0	1	kevin	3282	491	0
2192	170.0	190.96	41.4	165.12	182.32	36.70	171.84	193.92	51.60	0	1	kevin	3088	485	0
2195	169.76	186.16	43.5	164.40	170.96	39.50	173.68	189.04	51.90	0	1	kevin	3268	489	0
2202	175.6	188.64	41.9	166.56	177.52	38.10	178.24	191.68	57.90	0	1	kevin	3269	497	0
2212	191.84	205.04	40.5	175.12	176.00	36.70	195.76	207.44	61.80	0	1	kevin	2797	73	0
2266	186.08	220.24	39.8	174.40	169.84	37.90	195.52	222.24	60.30	0	1	kevin	3306	534	0
2268	188.16	221.6	41.9	176.16	179.36	38.30	198.72	224.80	60.00	0	1	kevin	3481	517	0
2275	197.84	209.68	37.7	180.16	202.80	25.60	200.40	212.32	57.50	0	1	kevin	2630	389	0
2276	198.0	209.04	41.5	180.48	201.84	26.30	201.28	212.00	57.80	0	1	kevin	2447	391	0
2284	158.08	121.04	46.7	155.84	118.96	36.30	159.92	132.64	49.10	0	1	kevin	3655	564	0
2298	198.4	122.08	46.8	178.72	119.52	18.70	202.96	128.96	58.00	0	1	kevin	2988	537	0
2307	139.6	143.28	47.9	134.96	136.96	40.20	142.40	161.52	108.40	0	1	kevin	3878	635	0
2314	174.4	132.64	45.3	172.32	129.84	40.10	193.12	174.88	53.80	0	1	kevin	3504	578	0
2315	177.2	140.4	46.1	174.72	137.68	43.20	192.72	163.20	53.90	0	1	kevin	3701	572	0
2316	177.12	144.32	43.7	174.96	141.52	35.80	202.88	183.20	60.60	0	1	kevin	3520	588	0
2317	176.08	127.04	46.9	173.68	123.28	34.90	196.96	178.88	52.70	0	1	kevin	3866	598	0
2323	180.88	127.12	48.1	178.16	123.28	26.00	197.44	170.08	54.20	0	1	kevin	3868	600	0
2326	183.92	145.6	46.9	181.92	142.72	41.10	186.16	148.96	50.30	0	1	kevin	3728	592	0
2369	132.4	161.44	44.2	129.20	130.88	36.70	140.08	164.64	129.40	0	1	kevin	3742	640	0
2370	132.96	154.4	44.2	130.88	147.60	36.70	149.68	158.16	47.10	0	1	kevin	3349	641	0
2384	180.56	148.16	45.7	178.08	144.56	42.30	183.28	152.08	49.30	0	1	kevin	3522	602	0
2386	187.2	148.0	44.8	184.40	144.80	42.10	196.88	150.40	53.70	0	1	kevin	3534	419	0
2387	189.2	146.88	48.3	185.60	142.56	43.50	196.24	148.96	55.30	0	1	kevin	3729	49	0
2388	192.48	146.0	47.4	189.84	143.60	42.70	200.48	151.92	53.20	0	1	kevin	3535	423	0
2392	202.56	152.16	43.2	194.08	146.48	40.10	206.56	154.88	52.10	0	1	kevin	3361	443	0
2393	204.48	149.6	45.4	189.12	147.52	43.00	207.36	158.24	56.60	0	1	kevin	3731	433	0
2395	207.44	154.08	45.5	198.08	147.04	42.00	211.04	157.12	49.90	0	1	kevin	3732	441	0
2397	209.12	150.72	44.5	195.52	145.68	40.40	212.48	153.68	56.10	0	1	kevin	3363	445	0
2401	213.92	151.52	44.4	194.56	147.52	40.60	217.92	154.16	52.60	0	1	kevin	3538	447	0
2402	214.0	157.36	46.7	195.60	144.24	42.50	218.64	159.36	52.50	0	1	kevin	3756	453	0
2406	214.32	153.92	47.0	196.72	147.52	44.40	218.32	156.80	50.70	0	1	kevin	3919	437	0
2408	220.32	153.12	43.2	201.92	150.00	41.00	224.48	156.08	51.80	0	1	kevin	3539	477	0
2410	221.12	154.0	45.4	199.68	144.16	43.70	224.16	156.48	54.20	0	1	kevin	3901	475	0
2431	126.88	172.96	46.9	124.80	155.68	38.20	137.76	175.84	104.10	0	1	kevin	3238	643	0
2434	134.8	180.64	46.2	132.32	172.08	44.20	178.72	198.64	53.20	0	1	kevin	3940	616	0
2435	137.84	176.48	47.9	132.80	172.08	41.00	194.96	199.28	54.30	0	1	kevin	3941	617	0
2436	139.2	173.84	44.4	135.20	164.00	37.70	186.08	177.36	52.00	0	1	kevin	3765	610	0
2438	140.48	177.2	44.0	136.96	171.44	41.40	191.44	183.84	53.00	0	1	kevin	3415	608	0
2439	139.28	183.6	43.4	133.20	158.56	19.30	147.76	190.48	69.40	0	1	kevin	1471	561	0
2440	141.2	168.96	46.3	137.44	166.64	43.70	179.44	186.16	51.50	0	1	kevin	3926	612	0
2443	143.76	172.88	46.5	140.72	166.96	37.00	176.32	189.44	52.80	0	1	kevin	3927	603	0
2445	147.68	167.92	46.1	144.48	164.40	34.90	202.96	186.80	62.60	0	1	kevin	3928	606	0
2522	168.4	196.24	45.5	165.68	182.88	43.00	171.52	201.04	55.20	0	1	kevin	3618	40	0
2524	171.44	194.0	46.1	166.72	176.80	41.70	174.48	198.08	55.00	0	1	kevin	3619	54	0
2525	172.08	190.8	44.8	166.08	182.64	41.40	176.08	194.16	52.30	0	1	kevin	3437	483	0
2527	172.72	188.24	46.9	167.68	182.24	44.40	175.60	191.60	51.00	0	1	kevin	3959	493	0
2528	175.84	200.32	45.1	161.76	178.96	43.30	178.24	203.92	50.40	0	1	kevin	3813	501	0
2529	176.24	187.76	44.7	167.84	184.08	41.10	179.28	190.24	54.10	0	1	kevin	3594	495	0
2530	175.92	194.72	45.9	166.56	183.44	43.40	179.12	197.76	52.90	0	1	kevin	3960	499	0
2592	180.72	211.76	46.6	177.44	145.20	36.30	201.04	215.20	51.40	0	1	kevin	3994	511	0
2611	159.68	123.52	50.2	157.20	120.64	36.10	168.00	137.12	52.30	0	1	kevin	4019	566	0
2628	137.92	145.12	50.0	132.56	138.56	40.60	140.32	161.52	108.10	0	1	kevin	3512	634	0
2632	152.24	128.24	50.8	145.04	118.64	41.20	167.52	132.40	105.70	0	1	kevin	4193	568	0
2633	154.24	126.32	48.8	145.76	119.68	40.40	169.76	130.72	96.50	0	1	kevin	4017	570	0
2645	176.4	132.8	47.8	174.56	130.56	45.90	196.16	168.48	54.30	0	1	kevin	4025	576	0
2646	178.48	137.76	48.4	175.36	135.60	38.20	191.92	169.44	53.90	0	1	kevin	3885	574	0
2648	177.92	128.72	50.6	175.60	124.88	38.30	197.36	189.60	63.50	0	1	kevin	4197	596	0
2649	179.2	136.48	50.9	176.48	133.20	34.10	193.20	174.72	53.90	0	1	kevin	4216	582	0
2650	178.72	142.24	51.3	176.56	138.00	41.90	191.84	165.92	54.10	0	1	kevin	4396	584	0
2651	178.8	144.88	47.7	176.72	141.36	33.90	198.24	179.92	52.70	0	1	kevin	3700	586	0
2652	183.12	142.24	49.7	180.32	139.12	46.90	211.20	168.16	57.40	0	1	kevin	4043	580	0
2692	130.8	160.16	46.9	127.04	153.68	37.40	138.08	164.00	111.70	0	1	kevin	3372	639	0
2693	132.0	155.36	48.3	128.96	152.16	35.50	150.32	158.56	50.50	0	1	kevin	4065	638	0
2694	132.88	155.6	51.0	130.32	151.76	35.90	144.24	159.20	52.80	0	1	kevin	4244	637	0
2695	133.84	147.6	48.0	127.92	138.80	41.00	148.88	181.04	60.80	0	1	kevin	3877	636	0
2703	152.0	157.84	48.5	149.36	155.60	32.50	175.44	178.00	53.40	0	1	kevin	3907	525	0
2710	181.6	147.2	51.0	160.40	144.24	41.50	191.04	182.72	54.10	0	1	kevin	4411	594	0
2712	198.88	150.4	48.7	192.80	145.28	45.50	202.08	153.68	53.20	0	1	kevin	3898	451	0
2713	204.48	152.72	48.1	198.64	148.32	45.90	209.28	156.00	55.90	0	1	kevin	4059	431	0
2714	206.8	150.08	48.1	191.04	148.00	45.10	212.24	154.00	56.20	0	1	kevin	3899	12	0
2716	212.16	153.84	49.3	197.44	147.68	47.90	216.00	156.96	53.70	0	1	kevin	4238	435	0
2717	210.4	146.8	48.5	191.28	143.68	47.80	215.12	153.52	57.10	0	1	kevin	4237	10	0
2720	213.2	149.28	51.3	197.04	147.04	48.40	216.24	151.60	54.50	0	1	kevin	4239	449	0
2726	220.16	146.96	47.1	195.68	144.96	45.30	223.44	149.68	52.30	0	1	kevin	4061	461	0
2747	134.64	181.92	48.7	131.52	172.16	44.90	202.72	199.60	75.50	0	1	kevin	4104	615	0
2748	135.44	177.44	50.1	132.56	168.32	47.70	169.52	191.68	59.80	0	1	kevin	4277	614	0
2754	144.88	168.72	48.4	141.44	161.04	35.60	199.20	189.84	59.90	0	1	kevin	4085	604	0
2755	146.08	173.84	48.9	142.40	161.44	37.70	191.84	184.00	51.70	0	1	kevin	4086	613	0
2763	157.84	180.48	51.8	140.88	158.56	14.80	186.16	185.20	54.00	0	1	kevin	1901	562	0
2811	151.76	197.6	53.3	146.88	192.64	49.50	170.88	202.64	53.70	0	1	kevin	4482	8	0
2825	172.16	198.48	48.0	164.32	186.00	45.40	175.12	202.40	51.90	0	1	kevin	4304	505	0
2829	173.28	201.36	51.8	170.64	178.32	46.10	185.28	205.20	59.00	0	1	kevin	4490	523	0
2830	177.28	202.8	48.3	158.80	167.84	45.80	181.28	206.24	57.30	0	1	kevin	4136	507	0
2831	177.12	199.84	52.4	174.24	182.72	48.10	191.44	203.60	55.80	0	1	kevin	4492	513	0
2832	176.64	205.76	51.5	170.96	180.56	48.70	178.72	209.12	56.90	0	1	kevin	4491	509	0
2836	180.4	197.2	51.3	172.72	186.48	48.70	183.36	200.24	54.20	0	1	kevin	4493	503	0
2913	199.04	121.68	53.1	179.28	117.20	21.00	203.04	129.28	56.00	0	1	kevin	2987	535	0
2922	217.2	123.36	56.2	204.24	117.60	51.60	222.00	158.00	58.20	0	1	kevin	4683	547	0
3075	147.84	199.44	54.7	143.76	182.16	44.40	168.72	203.92	57.50	0	1	kevin	4965	90	0
3080	156.24	201.76	56.8	153.92	184.24	48.40	191.20	205.60	58.20	0	1	kevin	4967	94	0
3087	175.52	201.2	54.2	171.44	124.56	35.50	199.84	204.72	57.40	0	1	kevin	4806	515	0
3113	225.76	197.36	54.6	204.32	184.56	50.10	228.96	199.92	67.10	0	1	kevin	4497	559	0
3127	179.76	217.92	54.3	176.96	175.68	34.20	196.88	221.04	62.70	0	1	kevin	4670	633	0
3129	182.32	215.68	56.1	177.44	183.28	46.40	199.12	219.60	59.50	0	1	kevin	4985	628	0
3154	149.52	122.16	61.7	147.04	117.68	56.10	167.60	127.84	109.30	0	1	kevin	5449	545	0
3155	150.96	119.6	59.8	148.32	117.04	56.90	167.84	128.32	94.80	0	1	kevin	5219	541	0
3157	154.16	120.56	60.0	149.68	115.44	56.20	167.28	128.00	110.50	0	1	kevin	5220	539	0
3180	215.28	124.32	58.2	203.52	118.00	52.10	221.28	162.80	60.80	0	1	kevin	4853	549	0
3220	223.36	139.12	57.8	201.36	124.88	54.00	232.32	162.24	59.50	0	1	kevin	5039	253	0
3221	223.04	132.64	56.5	194.00	129.84	39.20	225.04	178.24	60.80	0	1	kevin	5040	255	0
3222	225.44	136.16	59.8	198.72	133.20	53.50	228.96	176.08	68.40	0	1	kevin	5279	251	0
3223	225.68	128.8	59.6	197.36	126.32	39.50	228.80	178.88	62.40	0	1	kevin	5254	248	0
3224	225.28	145.44	59.4	195.60	143.04	52.30	241.84	183.60	65.10	0	1	kevin	5506	236	0
3225	227.44	132.64	57.6	209.84	130.08	55.20	230.40	157.28	59.70	0	1	kevin	5041	244	0
3226	227.04	141.36	61.0	200.16	138.40	53.60	241.36	198.16	69.60	0	1	kevin	5077	249	0
3227	229.52	135.68	57.8	209.28	132.80	54.90	232.88	148.48	60.70	0	1	kevin	5078	246	0
3233	233.84	139.36	61.2	197.92	137.60	52.60	240.32	187.84	66.20	0	1	kevin	5507	232	0
3259	181.84	150.08	61.3	171.04	147.04	58.10	184.72	154.64	63.50	0	1	kevin	5300	698	0
3286	124.64	166.32	61.7	121.84	163.84	58.70	130.08	169.52	65.80	0	1	kevin	5558	648	0
3287	127.12	171.52	60.3	124.00	157.68	57.30	135.44	174.80	75.40	0	1	kevin	5343	647	0
3288	130.96	174.56	60.2	128.56	171.60	52.90	144.32	180.16	63.00	0	1	kevin	5345	645	0
3291	133.36	178.08	59.4	130.24	155.84	33.00	154.32	181.20	61.80	0	1	kevin	5366	646	0
3365	178.48	207.52	61.2	175.76	180.24	52.60	199.20	210.96	63.70	0	1	kevin	5629	618	0
3395	149.76	213.76	58.0	146.80	164.00	53.40	216.00	221.76	76.40	0	1	kevin	5414	551	0
3401	155.92	211.44	60.2	152.88	166.96	43.20	211.36	223.20	61.50	0	1	kevin	5416	228	0
3405	161.76	208.0	61.6	158.16	195.28	53.10	169.84	225.12	65.90	0	1	kevin	5862	226	0
3409	164.08	216.16	63.6	161.68	176.08	51.50	206.80	225.68	65.80	0	1	kevin	5662	213	0
3410	167.44	215.12	60.0	164.64	181.44	47.40	212.08	218.08	62.30	0	1	kevin	5435	211	0
3411	165.12	211.12	61.4	163.20	183.68	50.60	216.64	218.08	68.10	0	1	kevin	5188	218	0
3414	170.24	217.84	58.1	167.92	183.44	51.30	191.84	220.88	60.50	0	1	kevin	5191	225	0
3416	171.36	213.12	60.3	166.72	195.68	50.10	173.60	218.96	61.60	0	1	kevin	5421	223	0
3418	173.68	210.56	61.6	171.44	184.08	49.20	190.56	213.84	64.70	0	1	kevin	5864	619	0
3419	174.4	216.32	56.3	154.80	187.60	53.50	179.52	221.04	61.50	0	1	kevin	5194	631	0
3421	175.84	216.0	60.1	172.72	174.72	39.70	189.28	219.20	63.20	0	1	kevin	5422	629	0
3423	176.48	220.48	60.3	174.16	210.16	59.10	182.32	226.00	65.00	0	1	kevin	5664	630	0
3424	178.24	218.4	57.0	171.76	180.56	50.40	195.28	221.60	63.40	0	1	kevin	5195	632	0
3435	198.56	209.2	61.5	190.96	180.80	58.70	200.80	212.96	71.70	0	1	kevin	5651	141	0
3436	201.92	212.56	60.5	186.80	192.48	56.70	204.40	215.60	64.60	0	1	kevin	5426	139	0
3444	151.44	117.76	66.0	147.92	115.28	42.20	197.76	171.52	70.60	0	1	kevin	5467	543	0
3491	177.92	140.72	63.2	165.36	138.72	57.10	180.24	145.84	65.90	0	1	kevin	5947	699	0
3520	223.92	145.04	63.9	208.08	142.96	54.70	226.64	156.08	66.40	0	1	kevin	5530	238	0
3522	226.56	140.8	63.0	194.08	137.60	41.40	228.88	177.36	67.60	0	1	kevin	5737	257	0
3524	230.8	144.64	64.5	200.32	142.40	53.20	233.60	174.64	67.00	0	1	kevin	5759	240	0
3525	232.24	137.2	65.5	200.80	134.48	52.90	239.52	179.36	68.70	0	1	kevin	6224	230	0
3526	234.96	140.8	64.6	209.76	138.72	54.90	238.24	175.84	67.80	0	1	kevin	6225	88	0
3529	123.36	164.96	65.3	100.32	101.84	56.10	146.08	180.80	229.60	0	1	kevin	6017	649	0
3540	183.2	146.24	63.2	170.00	144.24	54.70	185.60	154.00	64.40	0	1	kevin	5752	697	0
3545	188.8	147.52	66.3	170.88	144.72	54.60	190.96	153.36	68.20	0	1	kevin	5980	693	0
3587	124.64	176.24	64.8	121.04	141.44	56.60	139.12	188.40	124.90	0	1	kevin	5807	650	0
3611	150.16	186.56	67.0	101.76	183.68	63.50	154.00	238.40	74.30	0	1	kevin	6331	678	0
3633	184.48	183.92	66.0	176.64	177.20	50.80	188.80	188.56	68.00	0	1	kevin	6079	113	0
3677	153.28	190.4	67.2	133.36	185.36	62.60	156.08	223.28	71.50	0	1	kevin	6067	72	0
3692	169.6	205.84	65.4	149.76	171.12	47.40	193.68	208.24	68.50	0	1	kevin	5853	626	0
3699	179.52	190.08	66.3	177.28	186.88	55.70	195.04	195.28	70.00	0	1	kevin	6339	117	0
3701	181.84	193.12	65.3	178.64	186.88	55.50	191.36	196.00	69.40	0	1	kevin	6603	119	0
3703	182.96	187.6	66.7	175.36	164.16	56.20	197.20	189.76	70.30	0	1	kevin	6340	115	0
3719	215.36	202.96	68.9	195.60	183.28	46.80	225.92	206.24	71.80	0	1	kevin	5858	381	0
3721	219.36	195.52	65.5	190.32	184.00	54.60	228.48	202.40	73.20	0	1	kevin	6101	555	0
3727	223.92	194.4	66.1	197.92	182.16	63.60	227.04	197.92	73.90	0	1	kevin	6342	557	0
3746	166.0	220.24	64.6	163.92	194.00	52.10	198.08	223.52	66.60	0	1	kevin	6117	62	0
3748	168.56	210.08	64.3	166.08	177.28	40.70	198.00	212.40	68.00	0	1	kevin	5647	222	0
3749	169.6	216.8	62.1	166.88	183.68	52.00	198.16	224.40	67.40	0	1	kevin	5876	61	0
3750	170.16	213.92	65.2	164.40	184.08	49.40	208.08	225.36	68.80	0	1	kevin	6120	216	0
3751	169.6	218.96	66.5	167.52	189.52	48.90	189.36	223.92	68.20	0	1	kevin	6392	63	0
3752	172.32	209.84	65.8	169.76	168.16	39.40	203.52	212.56	67.60	0	1	kevin	5865	620	0
3753	172.88	216.64	62.6	169.52	185.68	50.80	194.00	221.20	65.50	0	1	kevin	5877	215	0
3754	173.6	204.56	67.7	171.36	175.44	34.40	191.20	208.08	70.50	0	1	kevin	5628	624	0
3771	201.6	212.24	62.8	185.76	191.28	60.80	205.04	215.28	66.40	0	1	kevin	5870	137	0
3806	197.68	121.52	72.2	188.96	105.04	67.80	220.08	123.84	77.30	0	1	kevin	6934	67	0
3808	200.16	117.84	70.1	192.16	104.64	67.60	219.28	120.40	76.00	0	1	kevin	6932	55	0
3844	178.96	138.16	69.9	169.76	134.64	61.20	182.08	149.20	76.90	0	1	kevin	6980	702	0
3845	181.36	141.04	69.5	164.96	129.84	57.70	185.52	149.36	82.30	0	1	kevin	6465	701	0
3846	182.32	136.64	68.7	166.00	129.20	56.90	185.60	150.88	73.20	0	1	kevin	6466	700	0
3848	181.6	145.52	68.0	169.28	142.96	64.50	189.44	156.80	74.00	0	1	kevin	6500	711	0
3851	186.96	143.52	67.7	169.76	141.44	64.30	189.84	151.20	72.70	0	1	kevin	6467	707	0
3852	185.84	138.64	72.7	167.12	135.84	58.50	188.96	147.52	74.50	0	1	kevin	6215	709	0
3855	190.32	140.64	69.2	172.08	138.16	59.70	192.16	149.84	72.60	0	1	kevin	6217	706	0
3888	226.24	144.0	67.2	199.28	138.96	52.10	240.24	195.68	69.90	0	1	kevin	6255	242	0
3890	232.32	138.32	69.2	199.52	136.08	53.50	239.68	181.28	71.30	0	1	kevin	6479	57	0
3891	230.64	140.96	72.8	207.76	139.04	55.10	233.44	157.36	74.10	0	1	kevin	6478	86	0
3892	234.56	141.92	68.5	206.96	139.12	54.30	238.08	160.96	71.40	0	1	kevin	6737	59	0
3918	185.92	148.64	68.7	164.08	131.44	55.70	192.96	166.48	79.20	0	1	kevin	5751	692	0
3920	187.68	151.28	68.0	172.72	145.12	58.40	190.00	153.44	70.30	0	1	kevin	6248	695	0
3922	190.0	147.12	70.6	172.48	140.40	58.20	192.64	152.88	71.80	0	1	kevin	5953	694	0
3923	191.68	152.24	69.2	171.36	148.88	54.30	194.40	155.60	70.50	0	1	kevin	5754	696	0
3933	206.32	162.24	69.0	190.08	159.12	57.10	210.16	178.72	71.80	0	1	kevin	6782	135	0
3944	220.72	164.64	68.6	209.04	160.16	56.80	224.88	179.76	69.70	0	1	kevin	6533	3	0
3945	222.8	162.56	71.8	200.88	153.44	57.60	227.76	172.48	74.90	0	1	kevin	6284	293	0
3948	226.8	161.04	68.9	186.48	158.80	52.20	230.32	194.24	74.30	0	1	kevin	6535	311	0
3950	229.04	164.4	69.8	201.76	160.72	55.90	232.40	197.92	73.90	0	1	kevin	7033	317	0
3956	236.56	162.48	71.7	191.60	159.68	43.30	240.88	193.12	73.50	0	1	kevin	7265	309	0
4004	186.72	186.32	68.3	184.08	173.36	42.40	195.76	191.92	71.70	0	1	kevin	6815	47	0
4013	213.12	179.44	71.0	209.68	177.12	68.60	215.36	182.72	75.40	0	1	kevin	7299	109	0
4023	224.88	166.56	69.1	203.60	164.24	63.40	229.36	175.76	69.50	0	1	kevin	6568	21	0
4024	224.88	169.52	69.3	182.32	144.96	39.10	229.36	184.96	72.50	0	1	kevin	7059	82	0
4025	228.08	172.64	67.5	203.20	140.80	57.90	231.36	180.64	72.20	0	1	kevin	6307	84	0
4029	229.04	168.4	70.8	186.00	164.24	64.40	232.64	190.48	73.40	0	1	kevin	7288	315	0
4030	228.24	171.28	72.1	200.80	151.52	60.90	232.80	174.16	74.20	0	1	kevin	7289	313	0
4032	234.16	168.96	71.6	195.52	166.00	65.30	237.52	183.28	72.80	0	1	kevin	7290	319	0
4035	233.2	180.32	74.4	210.64	170.32	62.00	238.72	182.40	76.90	0	1	kevin	7514	725	0
4057	150.96	192.0	69.9	118.32	185.44	63.50	152.96	230.72	73.60	0	1	kevin	6620	677	0
4059	153.44	188.56	69.2	144.56	185.12	67.10	156.72	191.36	72.00	0	1	kevin	6826	69	0
4061	155.04	194.64	72.7	133.92	184.08	67.40	157.12	222.96	74.70	0	1	kevin	7308	676	0
4072	171.36	207.52	69.3	168.96	158.64	32.50	188.80	210.88	71.70	0	1	kevin	6844	625	0
4078	178.72	202.72	71.4	174.16	196.24	56.20	181.68	207.84	74.20	0	1	kevin	6878	623	0
4085	189.28	188.08	70.5	184.48	175.28	42.90	194.96	191.76	74.40	0	1	kevin	7077	13	0
4097	218.24	197.44	67.6	192.96	173.76	41.20	221.76	200.48	72.30	0	1	kevin	6859	385	0
4125	163.6	218.56	66.4	161.52	190.16	51.90	181.68	224.96	70.70	0	1	kevin	6642	220	0
4127	167.28	219.12	69.0	165.12	190.64	51.60	193.52	223.44	70.70	0	1	kevin	6118	65	0
4130	169.52	219.2	71.8	167.20	191.44	53.10	179.84	222.80	75.20	0	1	kevin	6654	209	0
4131	171.52	216.88	67.3	167.52	164.80	31.50	188.24	219.52	70.20	0	1	kevin	6875	621	0
4132	171.12	213.6	69.3	148.24	171.20	40.10	194.00	216.88	72.80	0	1	kevin	6374	622	0
4204	180.32	134.24	72.9	169.44	131.76	68.40	182.96	147.52	78.30	0	1	kevin	6977	703	0
4205	181.2	130.8	75.7	167.60	128.00	62.50	183.84	142.16	79.20	0	1	kevin	6978	704	0
4206	183.44	136.88	74.8	165.36	133.76	57.20	186.00	145.36	76.50	0	1	kevin	6951	710	0
4258	144.88	163.44	76.2	142.08	144.96	60.40	154.88	166.64	79.70	0	1	kevin	7875	531	0
4263	148.96	162.88	76.7	143.12	153.92	61.70	156.00	165.52	80.00	0	1	kevin	7239	529	0
4309	218.64	158.96	74.5	195.92	156.80	52.30	222.16	196.64	75.60	0	1	kevin	7260	305	0
4315	226.0	154.48	74.2	204.72	152.24	54.60	228.88	194.64	78.40	0	1	kevin	7261	291	0
4317	226.16	158.08	71.4	202.24	155.52	54.20	229.92	197.52	76.00	0	1	kevin	6785	289	0
4318	231.92	161.84	73.2	204.72	159.04	54.50	235.68	195.04	75.60	0	1	kevin	7263	295	0
4380	230.8	174.88	74.5	197.92	171.36	58.30	235.36	196.40	77.30	0	1	kevin	7513	726	0
4396	149.28	197.92	76.2	125.68	185.52	70.40	152.16	226.08	78.50	0	1	kevin	7330	532	0
4399	151.92	199.28	75.1	125.52	159.12	68.80	154.56	224.72	85.20	0	1	kevin	7735	674	0
4400	152.0	193.44	74.7	132.80	182.16	67.40	153.92	223.52	76.60	0	1	kevin	7317	675	0
4402	155.44	190.8	75.4	131.04	177.84	66.40	157.68	218.16	77.40	0	1	kevin	7719	672	0
4403	155.28	195.04	76.8	128.80	168.08	65.70	157.76	223.12	78.30	0	1	kevin	7538	673	0
4432	193.28	201.6	76.5	189.44	177.76	68.90	200.88	222.40	77.50	0	1	kevin	7955	125	0
4433	196.08	207.28	76.0	189.12	184.32	61.10	200.08	219.20	77.20	0	1	kevin	7746	127	0
4546	177.6	130.16	80.0	164.96	127.20	60.40	180.08	141.52	82.00	0	1	kevin	7402	705	0
4644	227.76	150.16	78.4	204.40	147.44	54.10	230.96	196.16	82.00	0	1	kevin	7870	297	0
4646	230.32	155.04	80.8	205.12	150.40	54.90	233.60	192.72	84.50	0	1	kevin	8067	299	0
4647	231.04	158.48	78.7	221.44	150.08	68.20	235.60	164.32	84.60	0	1	kevin	7481	301	0
4648	233.2	163.36	78.5	220.32	158.56	69.20	236.16	166.16	82.50	0	1	kevin	8089	307	0
4703	220.56	175.2	81.0	201.60	171.92	63.70	238.00	191.68	82.60	0	1	kevin	8086	154	0
4704	222.88	172.8	80.3	201.76	168.00	64.80	238.48	179.04	82.70	0	1	kevin	8280	133	0
4706	222.8	185.92	80.0	199.52	169.12	65.70	237.44	191.60	83.70	0	1	kevin	8119	727	0
4778	219.28	188.16	79.8	191.76	177.84	58.30	231.12	199.12	82.00	0	1	kevin	8312	730	0
4784	228.32	188.24	79.2	194.56	172.40	62.80	231.68	190.88	82.70	0	1	kevin	8318	729	0
5001	221.84	178.48	83.2	198.08	171.12	63.60	237.76	194.48	85.30	0	1	kevin	8660	152	0
5048	203.28	200.56	84.1	191.12	179.20	60.70	215.52	218.72	85.20	0	1	kevin	8699	149	0
5049	203.2	205.36	84.6	190.96	182.40	63.30	211.36	218.72	86.20	0	1	kevin	8504	148	0
5054	206.16	204.16	85.7	190.96	191.84	73.00	208.96	218.80	88.60	0	1	kevin	8883	151	0
5060	211.68	191.2	83.0	184.56	177.68	66.30	214.88	199.92	84.40	0	1	kevin	8314	680	0
5066	216.8	194.32	84.9	209.20	191.68	79.30	225.68	198.80	87.40	0	1	kevin	8509	682	0
5067	217.2	197.2	82.7	205.04	179.44	71.40	224.72	200.16	84.60	0	1	kevin	8682	681	0
5068	217.92	191.92	81.9	186.00	121.84	56.10	228.32	200.64	84.60	0	1	kevin	8115	679	0
5069	219.12	197.68	85.4	208.88	190.80	79.60	226.24	200.56	87.10	0	1	kevin	8710	683	0
5071	223.2	195.6	83.6	219.68	193.36	80.00	226.24	198.16	87.30	0	1	kevin	8683	684	0
5094	89.40	98.59	206.28	89.40	92.11	205.60	105.24	103.01	212.50	17	1	david_new_dangling	0	0	0
5194	121.28	112.01	169.32	91.88	109.84	142.98	123.99	149.86	204.39	627	1	david_new_dangling	0	0	0
5200	116.84	111.55	179.56	89.30	93.72	173.96	127.58	157.27	195.88	252	1	david_new_dangling	0	0	0
5225	224.88	164.88	91.7	203.92	162.08	71.60	238.80	172.56	93.00	0	1	kevin	9370	157	0
5279	227.44	171.6	91.6	207.28	160.64	71.80	235.92	174.48	94.10	0	1	kevin	9012	158	0
5320	210.72	195.28	88.6	163.44	189.28	55.50	225.52	202.48	91.00	0	1	kevin	9049	688	0
5321	212.24	189.2	89.3	186.88	180.96	69.40	227.68	201.68	92.00	0	1	kevin	9231	687	0
5325	216.48	191.6	89.6	184.48	119.28	55.50	226.56	200.40	91.80	0	1	kevin	8684	686	0
5326	221.68	191.52	87.4	181.20	164.56	57.50	228.56	199.04	89.60	0	1	kevin	8871	685	0
5564	205.28	195.84	94.1	202.88	190.88	82.90	209.68	200.16	96.60	0	1	kevin	9244	690	0
5565	208.88	194.0	94.5	204.16	186.56	88.20	212.72	199.44	96.90	0	1	kevin	9803	689	0
5567	212.4	187.2	94.0	200.24	168.56	59.70	214.72	190.32	95.70	0	1	kevin	9415	691	0
5629	90.87	105.85	201.10	90.87	105.85	201.10	117.21	118.29	206.90	49	1	david_new_dangling	0	0	0
5872	116.93	112.27	179.66	89.44	97.13	164.41	126.43	170.95	184.26	453	1	david_new_dangling	0	0	0
5882	108.97	115.69	184.21	91.88	111.66	142.98	123.81	149.86	211.47	468	1	david_new_dangling	0	0	0
5908	107.15	132.82	166.58	101.87	127.84	165.35	109.82	132.83	166.58	12	1	david_new_dangling	0	0	0
5909	109.21	128.98	163.53	109.21	122.14	161.34	120.12	131.38	168.52	88	1	david_new_dangling	0	0	0
6078	132.08	124.16	143.6	127.65	108.97	105.80	149.06	131.28	147.92	112	2	david;david_new	11589	0	117
6093	109.94	104.76	157.67	109.62	104.76	157.67	123.12	114.65	163.67	43	1	david_new_dangling	0	0	0
6096	199.63	159.69	34.00	79.60	76.89	21.02	223.12	204.11	254.17	46493	1	david_new_dangling	0	0	0
6105	104.59	135.66	144.22	104.59	115.29	144.22	127.16	137.20	178.09	167	1	david_new_dangling	0	0	0
6109	119.68	106.14	199.45	109.84	84.37	163.52	123.63	122.71	200.48	292	1	david_new_dangling	0	0	0
6118	96.53	94.94	207.51	96.53	94.94	207.51	115.54	104.69	214.49	26	1	david_new_dangling	0	0	0
6141	105.40	139.77	147.47	105.21	132.21	134.66	121.85	140.36	153.64	61	1	david_new_dangling	0	0	0
6153	108.38	143.86	169.66	108.38	115.69	155.30	126.94	143.86	169.66	80	1	david_new_dangling	0	0	0
6321	120.29	106.72	157.62	119.12	70.33	150.23	167.45	113.21	161.38	315	1	david_new_dangling	0	0	0
6367	116.88	110.22	197.20	112.44	104.70	197.20	116.88	110.30	218.20	130	1	david_new_dangling	0	0	0
6571	128.72	121.28	150.16	119.30	98.18	132.35	129.06	122.60	150.66	109	1	david_new_dangling	0	0	0
6578	117.50	111.59	179.51	114.92	97.16	165.05	126.42	113.77	180.61	156	1	david_new_dangling	0	0	0
6607	147.43	97.66	143.75	103.52	97.66	143.75	148.04	126.36	217.73	661	1	david_new_dangling	0	0	0
6620	118.43	110.60	179.74	104.15	76.20	173.59	140.55	117.77	181.51	298	1	david_new_dangling	0	0	0
6627	125.39	117.48	152.83	114.54	102.20	148.29	133.82	122.80	202.44	598	1	david_new_dangling	0	0	0
6628	119.76	113.42	166.05	105.82	107.91	117.44	151.16	130.08	215.85	710	1	david_new_dangling	0	0	0
6638	129.09	121.25	148.15	116.97	96.16	105.66	133.11	150.56	199.45	593	1	david_new_dangling	0	0	0
6651	130.93	124.06	145.38	117.57	122.10	131.72	131.95	139.02	146.33	143	1	david_new_dangling	0	0	0
6652	135.60	126.67	136.29	113.83	118.60	136.19	141.85	143.60	156.27	168	1	david_new_dangling	0	0	0
6653	128.48	121.77	148.85	108.33	116.85	100.68	145.13	149.96	164.46	339	1	david_new_dangling	0	0	0
6720	195.84	167.2	119.6	190.96	159.12	103.30	208.16	186.48	124.20	0	1	kevin	12125	732	0
6768	184.0	178.0	119.5	178.00	174.32	102.90	194.48	191.60	126.70	0	1	kevin	12795	733	0
6812	125.15	117.08	156.63	122.69	97.51	154.19	132.19	120.28	159.76	170	1	david_new_dangling	0	0	0
6814	120.49	112.53	166.15	110.34	102.42	152.64	129.40	121.78	218.16	352	1	david_new_dangling	0	0	0
6821	133.28	125.76	141.0	116.40	85.36	120.70	150.80	130.96	154.20	132	2	david;david_new	13515	0	132
6837	131.78	121.76	146.06	118.12	107.53	132.48	133.34	137.10	152.73	167	1	david_new_dangling	0	0	0
6841	122.05	113.45	167.52	118.79	109.35	153.08	127.59	118.43	188.25	135	1	david_new_dangling	0	0	0
6842	106.54	116.80	152.85	106.54	116.79	152.85	125.89	126.83	157.72	49	1	david_new_dangling	0	0	0
6861	118.19	109.30	184.24	111.93	100.57	103.26	137.08	141.57	220.99	583	1	david_new_dangling	0	0	0
6870	135.41	126.92	136.04	120.62	125.70	134.54	136.46	146.36	143.03	73	1	david_new_dangling	0	0	0
6871	135.37	126.28	135.99	106.71	117.22	127.68	137.44	146.55	136.44	163	1	david_new_dangling	0	0	0
6876	133.13	125.45	141.56	114.00	110.26	133.22	154.45	129.57	179.98	218	1	david_new_dangling	0	0	0
6912	135.44	126.72	133.3	122.72	112.08	116.00	150.88	170.16	137.00	422	2	david;david_new	14010	0	1
6924	133.64	126.42	141.04	122.43	119.88	141.04	140.23	152.57	147.06	119	1	david_new_dangling	0	0	0
7041	132.72	124.64	141.2	100.64	97.04	128.30	153.76	138.38	154.76	167	2	david;david_new	14732	0	131
7044	130.85	91.57	160.65	129.36	89.49	158.12	137.91	102.35	170.95	40	1	david_new_dangling	0	0	0
7049	132.13	124.21	143.66	130.26	116.71	112.71	140.51	125.11	143.76	137	1	david_new_dangling	0	0	0
7053	135.36	126.24	135.9	115.84	85.37	124.35	142.11	133.20	154.14	193	2	david;david_new	14351	0	152
7067	135.06	127.46	134.49	122.33	109.60	132.38	139.04	129.12	135.24	61	1	david_new_dangling	0	0	0
7068	133.12	125.44	142.9	123.20	105.60	126.30	139.36	135.44	148.10	0	1	david	14337	0	110
7074	124.34	116.62	156.13	114.03	108.26	148.78	130.65	120.20	197.57	379	1	david_new_dangling	0	0	0
7076	125.23	115.22	156.61	121.37	109.00	151.52	129.65	117.54	157.06	72	1	david_new_dangling	0	0	0
7098	129.02	150.64	84.90	124.91	128.67	84.90	139.36	150.76	150.44	305	1	david_new_dangling	0	0	0
7106	135.04	127.36	133.5	100.17	96.16	112.80	149.44	141.52	156.25	218	2	david;david_new	14752	0	144
7110	134.96	126.96	133.6	120.08	80.88	107.85	144.80	148.32	151.80	189	2	david;david_new	14197	0	145
7111	134.48	124.16	142.6	126.24	87.92	129.00	155.04	137.76	153.20	0	1	david	5021	0	106
7142	132.4	123.92	144.0	115.45	90.16	95.92	137.28	160.32	220.25	1048	2	david;david_new	14209	0	100
7242	133.6	124.48	142.8	99.92	93.12	88.56	157.94	138.24	156.79	441	2	david;david_new	15317	0	103
7245	133.28	125.36	141.8	131.01	98.16	130.70	148.56	126.80	154.92	130	2	david;david_new	14943	0	107
7256	134.4	125.52	140.9	113.04	111.77	131.80	138.97	130.72	145.15	96	2	david;david_new	15161	0	134
7261	135.04	127.44	134.4	117.97	93.45	132.30	139.04	133.86	152.39	185	2	david;david_new	15325	0	149
7263	150.23	111.41	99.55	119.29	111.24	99.10	150.36	120.08	162.89	181	1	david_new_dangling	0	0	0
7271	134.80	127.17	134.54	98.39	110.63	133.94	149.39	138.67	155.28	116	1	david_new_dangling	0	0	0
7272	135.36	126.16	137.2	110.44	115.52	130.30	141.68	132.97	152.97	97	2	david;david_new	14970	0	158
7276	132.48	125.2	143.5	120.76	101.28	134.50	145.68	141.60	151.20	181	2	david;david_new	15331	0	114
7277	141.18	98.25	148.60	133.92	98.25	142.71	141.18	110.71	149.62	163	1	david_new_dangling	0	0	0
7278	131.68	123.12	146.0	100.16	88.63	130.50	147.76	136.32	156.30	318	2	david;david_new	14738	0	124
7280	130.29	122.25	146.89	129.88	109.00	143.97	148.51	127.44	148.98	132	1	david_new_dangling	0	0	0
7282	134.72	127.12	134.5	98.32	103.52	107.52	155.28	138.72	155.30	255	2	david;david_new	15150	0	150
7284	134.96	127.04	134.0	126.16	106.96	128.10	153.84	136.48	143.00	17	2	david;david_new	15167	0	146
7295	135.04	126.24	136.0	108.72	115.43	132.60	145.48	142.16	148.80	127	2	david;david_new	15183	0	155
7299	132.96	125.28	142.3	112.96	96.40	129.79	141.84	142.96	159.82	304	2	david;david_new	14996	0	105
7304	133.93	130.32	131.19	132.84	113.06	101.70	154.63	158.51	131.19	414	1	david_new_dangling	0	0	0
7305	129.34	122.51	146.81	128.49	119.62	99.41	146.19	129.92	151.18	220	1	david_new_dangling	0	0	0
7306	132.64	125.12	143.2	108.42	73.30	130.00	150.13	142.24	160.51	450	2	david;david_new	0	0	113
7313	135.28	126.72	135.8	112.96	96.80	125.70	147.92	169.12	193.70	0	1	david	14998	0	25
7373	129.19	122.45	148.29	118.45	71.49	138.71	158.83	130.20	167.91	526	1	david_new_dangling	0	0	0
7380	129.2	121.44	148.9	89.92	93.60	137.80	135.92	154.32	162.90	0	1	david	15929	0	14
7381	129.28	119.92	150.2	123.52	99.20	137.90	131.28	123.76	152.90	0	1	david	15742	0	20
7392	129.04	122.0	148.7	110.96	96.96	139.60	143.20	137.20	157.50	0	1	david	15934	0	21
7396	141.77	95.79	143.75	141.73	95.79	143.75	142.66	104.61	149.74	37	1	david_new_dangling	0	0	0
7401	134.49	124.18	142.61	126.29	87.95	129.97	144.15	131.08	153.11	281	1	david_new_dangling	0	0	0
7402	128.87	122.54	148.92	113.38	79.12	137.48	138.92	129.99	182.92	415	1	david_new_dangling	0	0	0
7404	135.36	124.88	139.0	128.38	81.92	133.80	161.52	128.24	159.45	127	2	david;david_new	15709	0	161
7406	132.97	125.33	142.31	114.36	104.00	134.67	141.82	136.48	154.46	247	1	david_new_dangling	0	0	0
7408	135.6	126.32	135.2	126.08	98.64	128.39	166.00	139.52	156.10	173	2	david;david_new	15321	0	151
7420	134.56	125.44	141.2	107.60	96.20	112.80	149.41	141.52	145.90	195	2	david;david_new	15517	0	164
7421	124.56	117.6	154.9	100.59	71.28	99.72	214.16	127.31	180.70	687	2	david;david_new	15538	0	76
7422	138.36	131.11	101.08	120.93	103.35	87.86	147.40	147.27	206.57	769	1	david_new_dangling	0	0	0
7424	129.12	122.32	148.8	113.20	79.36	135.70	149.04	128.24	152.90	0	1	david	15520	0	9
7425	144.87	105.03	108.75	111.01	105.03	108.75	144.87	145.15	123.32	167	1	david_new_dangling	0	0	0
7426	128.88	120.72	149.8	115.92	104.64	75.00	139.52	158.16	156.20	0	1	david	15521	0	18
7427	129.12	122.4	148.2	116.00	71.44	136.00	158.88	130.24	168.00	0	1	david	15539	0	11
7430	128.8	121.68	148.5	119.44	104.32	135.50	140.24	134.56	158.60	0	1	david	15162	0	22
7431	133.12	124.88	142.4	119.20	88.56	110.74	155.35	148.28	155.38	381	2	david;david_new	16256	0	104
7433	155.51	114.72	87.53	130.95	110.70	87.53	158.85	127.46	165.11	248	1	david_new_dangling	0	0	0
7436	122.4	115.76	157.8	102.32	102.85	89.22	159.45	128.16	186.14	229	2	david;david_new	16258	0	35
7437	129.28	121.76	149.4	111.30	87.16	138.00	145.50	128.16	223.88	315	2	david;david_new	15965	0	6
7439	122.72	116.16	159.1	89.96	101.07	137.89	137.12	154.26	213.40	537	2	david;david_new	16241	0	34
7440	132.31	123.61	143.94	113.83	115.82	122.29	140.05	152.95	158.04	371	1	david_new_dangling	0	0	0
7443	129.04	121.6	148.3	90.56	99.84	81.20	148.96	158.32	164.20	0	1	david	15950	0	12
7446	135.2	127.44	134.6	123.31	93.59	130.30	153.84	130.63	157.71	152	2	david;david_new	15952	0	148
7447	132.32	124.8	143.3	108.73	108.78	137.60	157.12	128.96	157.06	185	2	david;david_new	15750	0	112
7448	135.04	127.52	134.2	117.94	107.60	133.59	157.04	131.92	168.72	129	2	david;david_new	15527	0	147
7450	133.12	125.44	141.5	120.16	80.94	129.94	159.36	143.29	151.78	219	2	david;david_new	15971	0	165
7452	135.28	126.64	136.0	113.09	104.96	132.10	172.96	140.72	143.50	81	2	david;david_new	15334	0	154
7462	128.48	122.0	148.7	107.04	110.00	136.30	140.24	140.88	153.10	0	1	david	15768	0	16
7464	132.4	125.44	143.4	109.60	88.88	137.50	140.32	137.01	154.30	128	2	david;david_new	15769	0	115
7502	135.36	126.88	136.0	120.56	125.68	134.50	136.48	150.32	143.10	0	1	david	15581	0	153
7558	142.91	92.09	143.75	133.61	79.12	143.75	146.34	92.09	149.78	131	1	david_new_dangling	0	0	0
7590	121.28	113.6	167.1	105.26	97.20	142.70	135.36	122.78	190.34	275	2	david;david_new	16473	0	68
7595	125.68	118.16	152.3	100.59	90.16	95.90	136.56	156.88	220.30	318	2	david;david_new	16223	0	80
7602	133.35	125.39	141.86	132.92	98.19	135.73	145.99	126.78	142.11	106	1	david_new_dangling	0	0	0
7606	129.92	122.48	147.4	124.40	92.80	111.20	146.80	150.32	150.70	359	2	david;david_new	17157	0	2
7623	123.66	116.36	158.06	119.01	92.13	157.37	144.59	123.79	167.00	165	1	david_new_dangling	0	0	0
7642	133.48	133.51	95.42	122.62	105.63	95.38	146.36	144.71	182.66	469	1	david_new_dangling	0	0	0
7647	131.64	125.19	141.54	131.17	108.38	108.52	152.32	127.93	142.03	202	1	david_new_dangling	0	0	0
7650	127.76	119.68	151.9	93.62	94.84	88.50	158.00	126.80	195.24	386	2	david;david_new	15962	0	83
7651	131.76	121.76	146.0	99.94	98.61	132.40	140.75	138.21	154.54	267	2	david;david_new	16841	0	123
7652	125.52	117.84	152.3	105.92	76.53	97.50	164.24	132.52	204.60	339	2	david;david_new	17152	0	81
7656	135.01	127.05	134.04	126.19	107.02	128.18	152.39	136.43	137.59	138	1	david_new_dangling	0	0	0
7657	128.72	122.0	148.7	121.20	101.12	110.90	155.76	127.76	151.30	539	2	david;david_new	16843	0	3
7661	147.01	98.36	146.44	109.76	90.45	146.44	147.01	121.05	231.24	487	1	david_new_dangling	0	0	0
7665	132.16	122.88	145.6	122.64	105.04	129.82	157.36	147.07	149.30	139	2	david;david_new	16827	0	120
7667	132.4	127.52	140.6	127.76	108.00	140.10	158.80	133.28	146.86	106	2	david;david_new	16513	0	140
7682	122.96	116.72	158.2	100.56	104.96	142.80	139.76	136.00	162.20	0	1	david	16871	0	33
7683	132.59	144.73	81.67	131.12	126.47	81.67	144.96	150.28	102.67	160	1	david_new_dangling	0	0	0
7684	131.52	125.12	142.3	102.32	109.92	107.50	150.96	139.28	152.00	156	2	david;david_new	16558	0	130
7696	135.52	126.64	136.2	113.76	107.00	98.38	141.92	154.64	156.30	206	2	david;david_new	16255	0	157
7698	139.44	93.84	151.0	116.76	79.60	136.10	215.28	146.88	163.30	310	2	david;david_new	16298	0	43
7700	135.44	126.16	136.9	114.01	112.16	120.77	146.72	145.44	145.90	138	2	david;david_new	16563	0	159
7701	131.92	122.72	145.5	123.76	113.86	125.51	148.11	148.78	150.68	265	2	david;david_new	16880	0	121
7703	132.08	122.48	144.8	124.72	114.24	133.50	158.80	150.48	150.04	42	2	david;david_new	16010	0	118
7734	135.52	126.72	136.4	114.80	107.04	116.17	146.80	154.16	157.65	167	2	david;david_new	16902	0	156
7741	133.6	126.4	141.0	122.32	103.53	135.24	142.34	148.80	151.20	146	2	david;david_new	16882	0	133
7807	155.90	71.83	161.39	147.90	70.35	150.97	193.70	84.26	176.49	348	1	david_new_dangling	0	0	0
7858	125.04	116.48	154.6	119.97	90.56	144.78	137.68	126.65	168.51	390	3	david;david_new;david_new	17515	0	88
7860	131.76	124.56	142.2	117.92	88.88	136.38	147.04	133.92	152.40	88	2	david;david_new	16791	0	129
7898	123.6	116.56	154.4	101.25	75.61	105.00	160.48	123.36	173.19	358	2	david;david_new	17164	0	77
7901	123.36	114.48	160.4	108.40	73.28	108.61	150.16	151.03	161.59	562	2	david;david_new	17556	0	93
7910	124.32	116.56	156.1	114.00	108.24	146.90	130.72	123.12	197.60	0	1	david	17570	0	30
7912	122.88	115.12	157.4	107.10	103.12	101.70	154.80	140.82	158.20	219	2	david;david_new	17915	0	36
7914	124.08	116.96	155.2	110.98	97.01	139.84	139.26	137.15	171.90	486	2	david;david_new	16842	0	41
7915	125.2	115.2	156.6	117.66	105.18	146.40	144.94	132.71	160.41	203	2	david;david_new	17573	0	91
7916	122.24	115.12	160.8	85.76	102.70	100.60	156.56	132.64	192.50	706	2	david;david_new	17538	0	70
7917	124.16	117.6	154.1	113.03	96.84	78.80	147.88	154.40	193.62	832	2	david;david_new	17928	0	45
7921	130.24	122.24	146.8	107.35	71.35	141.46	214.15	127.44	180.65	874	2	david;david_new	17930	0	96
7922	129.92	122.08	146.8	102.90	106.88	96.24	165.94	131.36	158.73	571	2	david;david_new	18340	0	97
7957	130.64	122.16	147.4	115.86	95.76	141.40	144.08	143.60	160.58	259	2	david;david_new	17237	0	94
7959	130.32	122.4	147.0	121.68	97.83	99.34	152.57	141.52	152.69	517	2	david;david_new	17239	0	99
8009	132.56	123.68	144.0	106.01	105.22	97.55	164.23	157.20	204.60	738	2	david;david_new	17656	0	101
8137	120.48	112.48	166.1	110.32	85.52	56.48	142.52	176.71	218.20	594	2	david;david_new	18287	0	67
8141	125.12	117.04	156.6	122.64	89.84	152.30	132.24	120.32	159.80	0	1	david	19038	0	75
8158	132.32	124.0	142.1	123.28	93.52	110.67	155.76	145.79	157.80	360	2	david;david_new	18316	0	128
8160	125.76	118.64	152.4	115.16	95.46	99.30	157.76	137.36	171.37	242	2	david;david_new	19071	0	79
8187	120.64	113.12	166.8	100.80	99.68	153.20	129.52	128.40	172.50	0	1	david	19083	0	26
8191	152.34	119.57	85.00	135.68	118.19	85.00	157.75	127.75	138.79	155	1	david_new_dangling	0	0	0
8194	125.04	117.12	156.2	85.77	101.20	111.15	142.48	132.58	192.40	941	3	david;david_new;david_new	18725	0	90
8202	128.88	120.56	149.5	116.96	70.64	140.60	187.36	125.68	176.40	1071	2	david;david_new	19086	0	19
8236	142.76	119.00	84.78	142.76	118.39	84.78	157.92	127.71	96.59	123	1	david_new_dangling	0	0	0
8240	138.40	131.39	99.45	124.66	127.50	83.77	155.19	148.01	101.82	360	1	david_new_dangling	0	0	0
8295	129.68	122.96	146.6	112.88	115.36	83.10	158.48	152.48	156.00	0	1	david	18787	0	24
8423	122.64	116.08	158.8	113.12	94.56	87.66	134.40	154.13	169.98	610	2	david;david_new	19681	0	73
8431	120.8	111.52	169.2	101.20	85.68	87.60	145.12	154.16	170.00	237	2	david;david_new	19360	0	53
8433	124.08	117.6	155.7	107.52	95.76	150.90	142.64	137.12	209.18	703	2	david;david_new	19989	0	74
8434	131.28	125.2	143.0	124.97	88.08	140.70	145.28	142.28	163.50	80	2	david;david_new	19957	0	141
8435	125.44	116.4	155.1	113.94	90.96	104.50	146.08	151.76	174.61	553	2	david;david_new	19375	0	85
8440	124.32	117.2	155.1	120.16	89.12	139.17	150.00	126.56	163.80	164	2	david;david_new	19671	0	40
8443	128.16	121.52	147.8	116.72	86.40	146.70	154.24	129.84	163.70	0	1	david	19686	0	23
8463	138.32	131.23	99.55	123.67	118.68	63.83	176.53	149.53	101.80	650	1	david_new_dangling	0	0	0
8486	122.0	116.24	159.7	113.20	93.99	153.49	154.64	132.72	171.21	301	2	david;david_new	19704	0	71
8509	121.68	113.36	167.5	105.28	76.72	150.54	134.94	142.24	175.60	323	2	david;david_new	20058	0	61
8553	126.32	118.8	152.5	103.52	106.62	132.90	137.13	163.20	167.85	326	2	david;david_new	19493	0	78
8559	132.24	123.6	143.9	113.28	115.76	122.20	140.08	162.32	165.70	0	1	david	19183	0	102
8639	123.92	116.8	155.2	106.88	94.40	83.10	158.42	152.48	168.70	718	2	david;david_new	21066	0	44
8649	119.52	111.76	169.3	89.84	94.64	104.80	135.92	157.84	170.40	0	1	david	20241	0	49
8660	120.48	111.36	166.4	115.76	87.12	164.00	151.36	112.88	207.40	0	1	david	21073	0	4
8661	123.6	116.32	158.0	118.96	88.80	157.30	150.40	123.84	167.10	0	1	david	20526	0	39
8663	122.8	114.32	161.1	89.85	93.20	104.81	152.72	157.80	170.32	884	2	david;david_new	20527	0	69
8696	123.36	116.08	157.8	111.20	103.76	75.04	139.51	158.11	168.00	581	2	david;david_new	20541	0	38
8719	122.32	111.28	166.8	103.92	106.56	145.71	137.47	149.92	167.90	226	2	david;david_new	21129	0	58
8725	124.72	116.08	154.8	108.88	101.86	106.29	148.50	144.48	169.00	879	3	david;david_new;david_new	21117	0	89
8729	122.08	115.6	159.7	96.90	104.47	145.10	145.04	150.32	174.99	234	2	david;david_new	20610	0	72
8830	121.28	113.12	167.6	112.32	89.84	139.89	136.62	128.64	214.25	402	2	david;david_new	21718	0	27
8832	119.84	112.48	169.5	112.34	88.72	56.40	142.56	176.72	171.30	381	2	david;david_new	21050	0	47
8838	120.32	112.0	168.9	113.20	85.60	153.40	151.44	130.16	171.30	0	1	david	21303	0	51
8839	121.12	112.0	168.8	109.92	93.84	112.30	150.96	143.84	185.38	462	2	david;david_new	21734	0	62
8841	120.8	111.76	169.8	120.80	84.00	134.04	166.64	131.84	175.60	90	2	david;david_new	20772	0	167
8842	121.28	112.0	169.3	102.33	95.52	141.52	173.36	133.76	204.40	280	2	david;david_new	21084	0	55
8856	121.12	110.56	168.7	99.36	75.60	103.30	160.21	137.10	173.20	525	2	david;david_new	21322	0	57
8979	118.4	113.68	166.7	113.92	82.16	78.86	136.96	154.33	182.50	528	2	david;david_new	16213	0	65
8999	121.36	110.56	168.4	93.44	79.60	136.10	215.25	127.15	195.30	864	2	david;david_new	22141	0	63
9000	119.6	112.48	169.2	95.28	102.88	148.94	132.32	130.81	178.60	167	2	david;david_new	21537	0	52
9006	121.84	111.6	168.9	100.56	95.92	99.70	164.32	127.36	179.60	492	2	david;david_new	22338	0	56
9010	121.12	111.52	168.5	104.64	101.20	105.07	160.40	125.36	178.00	514	2	david;david_new	21950	0	64
9035	120.48	111.84	168.7	104.52	99.20	140.64	204.24	146.88	213.36	451	2	david;david_new	19781	0	54
9121	138.66	117.26	150.16	113.25	79.60	136.10	214.44	125.18	180.88	682	1	david_new_dangling	0	0	0
9264	120.88	111.44	169.7	100.40	99.70	109.60	154.96	128.34	189.70	327	2	david;david_new	23368	0	46
10174	103.44	86.4	221.2	98.24	79.12	199.30	120.00	103.76	224.70	0	1	kevin	26011	735	0
10340	101.2	92.56	222.4	92.80	85.60	209.60	115.60	108.24	224.10	0	1	kevin	26818	736	0
20001	183.59	182.05	32.62	175.20	165.33	32.62	184.83	182.05	48.60	199	1	david_new_dangling	0	0	0
20002	199.50	160.04	33.98	133.31	135.10	31.79	199.50	179.27	108.67	1211	1	david_new_dangling	0	0	0
20004	194.24	165.96	34.08	183.34	146.37	33.11	194.24	165.96	55.68	181	1	david_new_dangling	0	0	0
20005	202.08	167.64	34.80	180.48	164.07	34.80	203.00	185.01	45.01	466	1	david_new_dangling	0	0	0
20006	197.09	167.22	35.42	157.01	120.09	35.42	197.11	167.22	93.71	525	1	david_new_dangling	0	0	0
20007	204.94	159.71	35.73	191.58	158.86	35.73	204.94	173.47	44.51	277	1	david_new_dangling	0	0	0
20008	190.52	161.25	36.15	184.60	151.38	36.15	190.52	161.68	50.84	105	1	david_new_dangling	0	0	0
20009	198.19	163.22	36.75	190.12	162.03	36.75	198.19	164.01	38.13	23	1	david_new_dangling	0	0	0
20010	212.09	158.49	37.05	167.61	153.74	36.51	220.32	204.15	78.03	944	1	david_new_dangling	0	0	0
20011	193.29	160.39	37.85	184.88	151.16	37.85	193.29	161.09	51.74	124	1	david_new_dangling	0	0	0
20012	197.66	159.43	38.05	186.99	155.75	38.05	197.66	159.43	52.68	65	1	david_new_dangling	0	0	0
20013	171.43	172.35	40.23	171.43	172.27	39.70	190.54	179.66	46.42	342	1	david_new_dangling	0	0	0
20014	199.29	160.57	40.50	189.39	149.07	40.42	199.30	160.57	57.02	149	1	david_new_dangling	0	0	0
20015	200.54	156.00	40.98	190.64	156.00	35.23	202.25	173.03	43.90	135	1	david_new_dangling	0	0	0
20016	128.44	144.00	81.67	128.44	136.13	81.67	141.35	151.48	127.65	252	1	david_new_dangling	0	0	0
20018	129.25	148.95	81.67	126.19	127.35	81.67	147.19	155.77	134.95	390	1	david_new_dangling	0	0	0
20019	132.55	147.56	84.30	132.03	144.68	84.30	139.57	149.08	102.99	30	1	david_new_dangling	0	0	0
20024	153.21	122.60	88.28	143.79	118.90	88.28	156.15	124.67	109.89	53	1	david_new_dangling	0	0	0
20025	155.14	117.16	88.80	155.14	117.16	71.16	166.36	124.99	93.39	66	1	david_new_dangling	0	0	0
20026	153.21	122.64	88.98	120.69	94.60	88.98	155.83	124.75	208.71	253	1	david_new_dangling	0	0	0
20028	127.12	154.12	90.92	127.12	154.12	90.92	129.35	160.98	96.43	11	1	david_new_dangling	0	0	0
20029	154.13	118.16	91.67	152.77	118.16	72.20	165.89	125.82	99.27	102	1	david_new_dangling	0	0	0
20030	133.15	133.33	95.42	130.20	132.29	95.42	136.16	150.36	105.40	139	1	david_new_dangling	0	0	0
20032	138.68	130.50	99.05	129.36	122.39	43.56	167.19	145.46	111.47	907	1	david_new_dangling	0	0	0
20033	138.05	131.49	99.20	130.15	125.68	94.88	143.46	140.51	144.90	426	1	david_new_dangling	0	0	0
20037	138.49	131.53	99.55	138.10	112.85	88.72	154.44	153.91	103.08	425	1	david_new_dangling	0	0	0
20038	138.01	131.65	100.03	135.30	127.58	98.42	147.95	155.69	111.12	241	1	david_new_dangling	0	0	0
20039	138.23	132.19	100.03	134.20	127.60	40.45	152.50	160.59	101.80	542	1	david_new_dangling	0	0	0
20040	138.71	131.31	101.03	136.09	122.22	53.48	166.53	148.45	126.33	582	1	david_new_dangling	0	0	0
20041	138.50	131.82	101.03	137.14	111.97	94.53	155.15	144.43	101.35	254	1	david_new_dangling	0	0	0
20042	138.20	134.69	101.08	134.20	127.60	40.45	152.50	160.59	102.32	468	1	david_new_dangling	0	0	0
20044	138.11	131.35	101.48	133.44	118.03	58.27	213.74	188.87	103.75	790	1	david_new_dangling	0	0	0
20045	138.76	132.39	102.83	134.58	113.55	73.40	157.83	163.11	105.98	390	1	david_new_dangling	0	0	0
20055	135.24	127.47	134.69	132.67	113.61	130.34	148.33	130.15	143.36	80	1	david_new_dangling	0	0	0
20056	135.66	126.34	135.29	126.09	105.09	131.28	155.84	139.48	156.09	191	1	david_new_dangling	0	0	0
20060	135.11	126.30	136.09	108.92	115.92	136.09	139.23	133.64	148.75	137	1	david_new_dangling	0	0	0
20063	135.54	126.73	136.44	116.05	107.12	135.19	146.75	146.44	148.89	172	1	david_new_dangling	0	0	0
20064	135.51	126.17	136.99	124.45	112.22	135.41	146.70	144.09	144.35	139	1	david_new_dangling	0	0	0
20065	135.85	126.57	137.19	114.04	119.39	120.01	145.55	145.19	139.67	182	1	david_new_dangling	0	0	0
20066	135.37	126.24	137.29	130.93	115.60	132.81	141.62	132.24	138.62	107	1	david_new_dangling	0	0	0
20067	135.39	124.93	139.04	134.36	100.20	133.87	154.65	128.23	140.16	112	1	david_new_dangling	0	0	0
20068	132.41	127.56	140.62	127.79	108.02	140.17	154.16	133.22	146.74	77	1	david_new_dangling	0	0	0
20070	134.60	125.77	140.74	134.06	122.03	139.84	139.31	129.05	149.92	54	1	david_new_dangling	0	0	0
20071	134.33	125.88	140.74	113.15	123.59	135.95	136.70	130.70	143.11	64	1	david_new_dangling	0	0	0
20072	132.81	127.85	140.97	132.10	126.44	138.17	132.94	129.17	143.00	26	1	david_new_dangling	0	0	0
20073	132.43	125.21	140.99	121.26	113.50	101.93	135.69	140.31	159.96	193	1	david_new_dangling	0	0	0
20080	134.59	125.45	141.29	107.64	122.19	138.16	139.02	130.53	145.82	92	1	david_new_dangling	0	0	0
20090	133.20	125.44	142.26	126.47	124.18	141.78	134.49	133.50	143.72	53	1	david_new_dangling	0	0	0
20101	133.10	125.14	143.16	132.68	124.00	142.91	133.43	125.67	143.56	18	1	david_new_dangling	0	0	0
20104	132.42	125.49	143.45	110.54	88.89	137.81	140.26	136.51	154.29	184	1	david_new_dangling	0	0	0
20107	148.78	91.64	143.75	133.54	81.14	143.75	148.79	91.64	146.21	62	1	david_new_dangling	0	0	0
20109	145.19	94.96	143.75	134.31	94.96	143.75	145.19	124.07	152.66	205	1	david_new_dangling	0	0	0
20116	132.86	123.85	144.14	132.58	123.21	141.47	134.89	125.42	144.29	27	1	david_new_dangling	0	0	0
20117	151.48	96.53	144.22	123.47	96.53	144.22	151.48	103.29	173.29	334	1	david_new_dangling	0	0	0
20119	131.25	122.62	144.26	118.67	114.79	110.71	150.02	138.26	145.71	258	1	david_new_dangling	0	0	0
20120	132.10	122.49	144.86	124.78	114.25	133.51	147.74	142.71	145.91	134	1	david_new_dangling	0	0	0
20125	132.19	122.73	145.91	121.62	122.19	135.37	136.46	148.18	163.02	169	1	david_new_dangling	0	0	0
20128	147.38	93.65	146.20	136.08	93.65	143.74	147.55	109.92	150.82	91	1	david_new_dangling	0	0	0
20129	144.09	96.43	146.20	137.09	95.41	139.98	144.11	111.23	150.82	207	1	david_new_dangling	0	0	0
20136	130.34	122.46	147.09	121.71	118.06	146.30	137.92	141.50	148.76	109	1	david_new_dangling	0	0	0
20142	133.10	111.78	147.86	90.61	49.94	81.26	153.16	158.26	234.18	1669	1	david_new_dangling	0	0	0
20144	129.02	122.66	148.20	129.02	84.53	148.20	140.19	122.66	155.50	200	1	david_new_dangling	0	0	0
20146	129.12	121.60	148.34	90.61	49.94	81.26	153.16	158.26	234.18	1971	1	david_new_dangling	0	0	0
20147	128.83	121.72	148.52	111.84	104.35	141.33	135.83	134.55	222.20	590	1	david_new_dangling	0	0	0
20152	129.13	122.33	148.81	113.25	79.60	136.10	214.44	128.22	180.88	955	1	david_new_dangling	0	0	0
20156	129.49	121.82	149.16	114.22	116.47	143.48	139.21	129.10	151.61	154	1	david_new_dangling	0	0	0
20157	129.12	122.08	149.21	124.35	106.01	136.40	136.65	128.80	153.19	143	1	david_new_dangling	0	0	0
20159	129.41	119.41	149.32	114.53	103.75	149.12	129.41	120.37	159.62	95	1	david_new_dangling	0	0	0
20162	129.10	120.38	149.56	113.67	103.75	149.12	129.53	120.60	159.62	103	1	david_new_dangling	0	0	0
20164	116.16	146.38	149.88	113.80	134.16	146.42	116.59	146.38	149.88	32	1	david_new_dangling	0	0	0
20169	125.80	125.37	151.84	119.63	119.33	93.99	138.32	141.91	163.46	197	1	david_new_dangling	0	0	0
20175	126.39	118.82	152.53	103.59	118.73	132.95	133.00	151.73	157.78	539	1	david_new_dangling	0	0	0
20178	105.66	111.14	152.95	105.65	111.14	152.95	123.14	124.33	158.45	44	1	david_new_dangling	0	0	0
20184	124.39	117.27	155.10	120.18	97.37	150.12	145.84	126.53	163.74	131	1	david_new_dangling	0	0	0
20186	124.87	116.53	155.13	118.09	100.08	151.31	140.70	131.47	161.55	180	1	david_new_dangling	0	0	0
20190	124.64	116.39	155.21	109.76	112.53	144.62	139.83	124.00	160.18	230	1	david_new_dangling	0	0	0
20191	104.31	114.31	155.60	104.31	112.07	155.60	122.22	121.58	180.04	105	1	david_new_dangling	0	0	0
20193	123.23	116.49	155.85	121.12	113.63	94.48	138.35	140.74	157.06	285	1	david_new_dangling	0	0	0
20194	124.43	117.82	155.88	118.79	108.99	109.36	133.32	132.32	157.48	439	1	david_new_dangling	0	0	0
20195	125.36	132.11	155.94	111.84	108.82	108.00	139.74	146.39	222.20	701	1	david_new_dangling	0	0	0
20210	133.28	102.86	158.61	118.04	49.94	158.61	153.16	103.87	234.18	776	1	david_new_dangling	0	0	0
20212	212.72	121.54	158.96	200.49	107.54	143.87	214.44	125.18	180.95	357	1	david_new_dangling	0	0	0
20215	122.10	115.61	159.78	115.28	107.78	145.11	144.97	142.84	164.44	406	1	david_new_dangling	0	0	0
20221	105.02	128.92	163.53	105.02	123.84	104.26	131.81	144.97	164.78	177	1	david_new_dangling	0	0	0
20223	130.21	102.68	164.89	118.04	49.94	164.89	153.16	102.76	234.18	703	1	david_new_dangling	0	0	0
20225	120.04	113.89	166.09	117.36	80.37	151.39	128.55	124.73	177.67	354	1	david_new_dangling	0	0	0
20233	131.75	89.52	167.00	130.41	88.74	166.75	137.28	90.76	168.65	29	1	david_new_dangling	0	0	0
20236	131.48	89.06	167.13	126.86	87.27	164.00	138.34	110.08	175.90	160	1	david_new_dangling	0	0	0
20238	131.72	89.14	167.22	103.14	85.78	166.27	147.83	122.93	185.34	363	1	david_new_dangling	0	0	0
20246	121.15	112.03	168.82	109.97	100.72	112.34	144.13	143.82	173.85	526	1	david_new_dangling	0	0	0
20257	120.90	111.47	169.72	100.41	106.27	109.60	154.94	125.00	187.08	411	1	david_new_dangling	0	0	0
20258	106.18	138.16	169.75	106.13	121.03	145.88	129.53	138.16	170.07	103	1	david_new_dangling	0	0	0
20259	120.86	111.78	169.88	120.86	85.89	166.25	148.00	111.78	175.50	216	1	david_new_dangling	0	0	0
20260	126.28	103.89	171.81	111.92	96.92	164.47	127.31	103.89	178.42	155	1	david_new_dangling	0	0	0
20261	125.27	102.85	173.54	103.14	102.58	173.54	125.27	122.93	185.34	199	1	david_new_dangling	0	0	0
20266	112.01	96.36	180.20	112.01	69.93	180.20	127.02	105.02	227.93	435	1	david_new_dangling	0	0	0
20267	101.88	108.18	181.88	101.88	108.18	180.72	116.08	118.73	186.15	119	1	david_new_dangling	0	0	0
20268	117.65	111.12	182.21	98.34	97.37	182.14	126.50	120.46	187.76	210	1	david_new_dangling	0	0	0
20274	101.78	83.21	205.55	101.78	83.21	205.55	119.97	99.14	210.80	44	1	david_new_dangling	0	0	0
20277	97.03	94.75	208.03	97.03	77.77	157.78	128.11	105.52	208.03	109	1	david_new_dangling	0	0	0
20278	100.31	82.00	208.43	98.75	78.80	205.00	105.42	85.97	211.15	22	1	david_new_dangling	0	0	0
20279	104.39	80.23	209.90	104.39	80.23	209.90	123.18	104.84	214.71	64	1	david_new_dangling	0	0	0
20280	91.03	96.91	211.20	87.24	77.77	157.78	128.11	105.52	216.53	124	1	david_new_dangling	0	0	0
20281	108.52	78.39	238.50	102.86	78.39	231.07	111.93	96.66	239.21	52	1	david_new_dangling	0	0	0
20282	115.13	78.00	241.22	103.35	78.00	228.37	115.13	100.18	241.22	56	1	david_new_dangling	0	0	0
20283	111.76	73.96	241.35	111.76	73.96	241.35	117.91	81.54	241.35	13	1	david_new_dangling	0	0	0
20284	96.23	95.14	243.12	96.23	88.23	236.13	108.29	95.14	243.12	28	1	david_new_dangling	0	0	0
